metadataLanguage,occurrenceID,identifier,dc:type,comments,dcterms:rights,CreateDate,captureDevice,resourceCreationTechnique,accessURI,serviceExpectation,dc:format
http://id.loc.gov/vocabulary/iso639-2/eng,705e6036,07840dcc,StillImage,,,2020-05-30T02:57:37Z,Reconyx-HF2X,activity detection,https://multimedia.agouti.eu/assets/07840dcc-0d99-4ab4-973b-7e4a8e20b56d/file,online,image/jpeg
http://id.loc.gov/vocabulary/iso639-2/eng,705e6036,401386c7,StillImage,,,2020-05-30T02:57:40Z,Reconyx-HF2X,activity detection,https://multimedia.agouti.eu/assets/401386c7-cc7a-46e5-9160-48c6158624a3/file,online,image/jpeg
http://id.loc.gov/vocabulary/iso639-2/eng,705e6036,ca3ff293,StillImage,,,2020-05-30T02:57:40Z,Reconyx-HF2X,activity detection,https://multimedia.agouti.eu/assets/ca3ff293-89a4-425d-a853-5572837c5b83/file,online,image/jpeg
http://id.loc.gov/vocabulary/iso639-2/eng,705e6036,e8b8e44c,StillImage,,,2020-05-30T02:57:41Z,Reconyx-HF2X,activity detection,https://multimedia.agouti.eu/assets/e8b8e44c-491c-45d2-8928-aa5996c07584/file,online,image/jpeg
http://id.loc.gov/vocabulary/iso639-2/eng,705e6036,b8690a15,StillImage,,,2020-05-30T02:57:41Z,Reconyx-HF2X,activity detection,https://multimedia.agouti.eu/assets/b8690a15-652a-4f08-9562-1797671410b8/file,online,image/jpeg
http://id.loc.gov/vocabulary/iso639-2/eng,705e6036,64734615,StillImage,,,2020-05-30T02:57:42Z,Reconyx-HF2X,activity detection,https://multimedia.agouti.eu/assets/64734615-ccaf-4c48-b63e-d7b07bdc6d39/file,online,image/jpeg
http://id.loc.gov/vocabulary/iso639-2/eng,705e6036,12ce5004,StillImage,,,2020-05-30T02:57:43Z,Reconyx-HF2X,activity detection,https://multimedia.agouti.eu/assets/12ce5004-9427-41ff-bcba-99b09c716e81/file,online,image/jpeg
http://id.loc.gov/vocabulary/iso639-2/eng,705e6036,f372acaf,StillImage,,,2020-05-30T02:57:43Z,Reconyx-HF2X,activity detection,https://multimedia.agouti.eu/assets/f372acaf-1d46-4244-8edf-5f804da1e092/file,online,image/jpeg
http://id.loc.gov/vocabulary/iso639-2/eng,705e6036,97140835,StillImage,,,2020-05-30T02:57:44Z,Reconyx-HF2X,activity detection,https://multimedia.agouti.eu/assets/97140835-6245-4adb-b84d-af09045389cf/file,online,image/jpeg
http://id.loc.gov/vocabulary/iso639-2/eng,705e6036,d1326349,StillImage,,,2020-05-30T02:57:44Z,Reconyx-HF2X,activity detection,https://multimedia.agouti.eu/assets/d1326349-76fd-4e83-a20c-a7994e4c0da2/file,online,image/jpeg
http://id.loc.gov/vocabulary/iso639-2/eng,1fcdba64,017e3d07,StillImage,,,2020-05-31T04:05:10Z,Reconyx-HF2X,activity detection,https://multimedia.agouti.eu/assets/017e3d07-3e6c-45a2-adbd-e7308c74f656/file,online,image/jpeg
http://id.loc.gov/vocabulary/iso639-2/eng,1fcdba64,e82ea167,StillImage,,,2020-05-31T04:05:11Z,Reconyx-HF2X,activity detection,https://multimedia.agouti.eu/assets/e82ea167-73a2-4cd3-a819-9d94a206a75f/file,online,image/jpeg
http://id.loc.gov/vocabulary/iso639-2/eng,1fcdba64,8aab9351,StillImage,,,2020-05-31T04:05:11Z,Reconyx-HF2X,activity detection,https://multimedia.agouti.eu/assets/8aab9351-ccf3-499a-bf1a-8f98a3957b0f/file,online,image/jpeg
http://id.loc.gov/vocabulary/iso639-2/eng,1fcdba64,dd543fc8,StillImage,,,2020-05-31T04:05:12Z,Reconyx-HF2X,activity detection,https://multimedia.agouti.eu/assets/dd543fc8-8bf8-4a85-a026-1469367cb7f8/file,online,image/jpeg
http://id.loc.gov/vocabulary/iso639-2/eng,1fcdba64,6affb228,StillImage,,,2020-05-31T04:05:13Z,Reconyx-HF2X,activity detection,https://multimedia.agouti.eu/assets/6affb228-efd9-4327-acbf-fdc5cf8c8816/file,online,image/jpeg
http://id.loc.gov/vocabulary/iso639-2/eng,1fcdba64,ef3afb3b,StillImage,,,2020-05-31T04:05:13Z,Reconyx-HF2X,activity detection,https://multimedia.agouti.eu/assets/ef3afb3b-b922-4347-ad0d-125c20c3d822/file,online,image/jpeg
http://id.loc.gov/vocabulary/iso639-2/eng,1fcdba64,29aef5c3,StillImage,,,2020-05-31T04:05:14Z,Reconyx-HF2X,activity detection,https://multimedia.agouti.eu/assets/29aef5c3-20a6-4701-9027-8b04c620cda0/file,online,image/jpeg
http://id.loc.gov/vocabulary/iso639-2/eng,1fcdba64,200e99c0,StillImage,,,2020-05-31T04:05:14Z,Reconyx-HF2X,activity detection,https://multimedia.agouti.eu/assets/200e99c0-692e-46f2-aa44-7f7dc599757a/file,online,image/jpeg
http://id.loc.gov/vocabulary/iso639-2/eng,1fcdba64,97b70ded,StillImage,,,2020-05-31T04:05:15Z,Reconyx-HF2X,activity detection,https://multimedia.agouti.eu/assets/97b70ded-6f6b-480c-b386-b6d11f045907/file,online,image/jpeg
http://id.loc.gov/vocabulary/iso639-2/eng,1fcdba64,bbd0d520,StillImage,,,2020-05-31T04:05:16Z,Reconyx-HF2X,activity detection,https://multimedia.agouti.eu/assets/bbd0d520-665a-48f0-8c3a-f176b1d52076/file,online,image/jpeg
http://id.loc.gov/vocabulary/iso639-2/eng,4729dc5c,75e6d1df,StillImage,,,2020-05-31T20:06:43Z,Reconyx-HF2X,activity detection,https://multimedia.agouti.eu/assets/75e6d1df-1ede-4ca7-a8b0-9cda64493f4d/file,online,image/jpeg
http://id.loc.gov/vocabulary/iso639-2/eng,4729dc5c,948c2184,StillImage,,,2020-05-31T20:06:44Z,Reconyx-HF2X,activity detection,https://multimedia.agouti.eu/assets/948c2184-a964-494c-8416-ea08827697ba/file,online,image/jpeg
http://id.loc.gov/vocabulary/iso639-2/eng,4729dc5c,8f0c5a8c,StillImage,,,2020-05-31T20:06:44Z,Reconyx-HF2X,activity detection,https://multimedia.agouti.eu/assets/8f0c5a8c-69c9-48f3-99b0-46ebe858643f/file,online,image/jpeg
http://id.loc.gov/vocabulary/iso639-2/eng,4729dc5c,50d30a87,StillImage,,,2020-05-31T20:06:45Z,Reconyx-HF2X,activity detection,https://multimedia.agouti.eu/assets/50d30a87-67ce-4eab-a3b5-c3b7db3aaebb/file,online,image/jpeg
http://id.loc.gov/vocabulary/iso639-2/eng,4729dc5c,bdd7481f,StillImage,,,2020-05-31T20:06:46Z,Reconyx-HF2X,activity detection,https://multimedia.agouti.eu/assets/bdd7481f-b49b-4847-9799-1db990b76dd9/file,online,image/jpeg
http://id.loc.gov/vocabulary/iso639-2/eng,4729dc5c,c459b1f0,StillImage,,,2020-05-31T20:06:46Z,Reconyx-HF2X,activity detection,https://multimedia.agouti.eu/assets/c459b1f0-390b-41d0-9380-2eddb2f82f7b/file,online,image/jpeg
http://id.loc.gov/vocabulary/iso639-2/eng,4729dc5c,dbf41369,StillImage,,,2020-05-31T20:06:47Z,Reconyx-HF2X,activity detection,https://multimedia.agouti.eu/assets/dbf41369-46b8-4b48-a253-67537f5245f5/file,online,image/jpeg
http://id.loc.gov/vocabulary/iso639-2/eng,4729dc5c,bdfc4e2d,StillImage,,,2020-05-31T20:06:47Z,Reconyx-HF2X,activity detection,https://multimedia.agouti.eu/assets/bdfc4e2d-ee5c-413d-8d86-5b5a2ebc6e28/file,online,image/jpeg
http://id.loc.gov/vocabulary/iso639-2/eng,4729dc5c,7a1ac372,StillImage,,,2020-05-31T20:06:48Z,Reconyx-HF2X,activity detection,https://multimedia.agouti.eu/assets/7a1ac372-9cc4-4ca6-8939-69a9ac7ae028/file,online,image/jpeg
http://id.loc.gov/vocabulary/iso639-2/eng,4729dc5c,6528fd34,StillImage,,,2020-05-31T20:06:49Z,Reconyx-HF2X,activity detection,https://multimedia.agouti.eu/assets/6528fd34-2d9d-4d58-af5c-04877db1599b/file,online,image/jpeg
http://id.loc.gov/vocabulary/iso639-2/eng,4729dc5c,dafafac8,StillImage,,,2020-05-31T20:06:51Z,Reconyx-HF2X,activity detection,https://multimedia.agouti.eu/assets/dafafac8-d3dd-468b-93f1-34837d13ee88/file,online,image/jpeg
http://id.loc.gov/vocabulary/iso639-2/eng,4729dc5c,45ddded1,StillImage,,,2020-05-31T20:06:52Z,Reconyx-HF2X,activity detection,https://multimedia.agouti.eu/assets/45ddded1-efeb-4d11-b948-bcfa46cb5c06/file,online,image/jpeg
http://id.loc.gov/vocabulary/iso639-2/eng,4729dc5c,998bdc6a,StillImage,,,2020-05-31T20:06:52Z,Reconyx-HF2X,activity detection,https://multimedia.agouti.eu/assets/998bdc6a-6655-4d36-af11-215bbf54b4db/file,online,image/jpeg
http://id.loc.gov/vocabulary/iso639-2/eng,4729dc5c,3348ffed,StillImage,,,2020-05-31T20:06:53Z,Reconyx-HF2X,activity detection,https://multimedia.agouti.eu/assets/3348ffed-1ddb-4e90-95fa-af2a140f3c6a/file,online,image/jpeg
http://id.loc.gov/vocabulary/iso639-2/eng,4729dc5c,4d6cd9b6,StillImage,,,2020-05-31T20:06:54Z,Reconyx-HF2X,activity detection,https://multimedia.agouti.eu/assets/4d6cd9b6-2505-4a4d-b8f9-b00f8033eb8a/file,online,image/jpeg
http://id.loc.gov/vocabulary/iso639-2/eng,4729dc5c,de1a05d2,StillImage,,,2020-05-31T20:06:54Z,Reconyx-HF2X,activity detection,https://multimedia.agouti.eu/assets/de1a05d2-7a5f-4d01-9fe2-a302d41f09ee/file,online,image/jpeg
http://id.loc.gov/vocabulary/iso639-2/eng,4729dc5c,d7841986,StillImage,,,2020-05-31T20:06:55Z,Reconyx-HF2X,activity detection,https://multimedia.agouti.eu/assets/d7841986-8a59-4a70-b476-ea8e1001a581/file,online,image/jpeg
http://id.loc.gov/vocabulary/iso639-2/eng,4729dc5c,9447bae7,StillImage,,,2020-05-31T20:06:55Z,Reconyx-HF2X,activity detection,https://multimedia.agouti.eu/assets/9447bae7-66fe-400c-8e90-8b8f0e30f3e3/file,online,image/jpeg
http://id.loc.gov/vocabulary/iso639-2/eng,4729dc5c,33b63cf8,StillImage,,,2020-05-31T20:06:56Z,Reconyx-HF2X,activity detection,https://multimedia.agouti.eu/assets/33b63cf8-ef7d-4357-8c58-9375415fe27d/file,online,image/jpeg
http://id.loc.gov/vocabulary/iso639-2/eng,4729dc5c,c07290d8,StillImage,,,2020-05-31T20:06:57Z,Reconyx-HF2X,activity detection,https://multimedia.agouti.eu/assets/c07290d8-a82e-40ed-a2f7-9ffbf8791100/file,online,image/jpeg
http://id.loc.gov/vocabulary/iso639-2/eng,4729dc5c,8e7f37f4,StillImage,,,2020-05-31T20:07:30Z,Reconyx-HF2X,activity detection,https://multimedia.agouti.eu/assets/8e7f37f4-5717-47a2-b050-ef7879880fd5/file,online,image/jpeg
http://id.loc.gov/vocabulary/iso639-2/eng,4729dc5c,1f1217b7,StillImage,,,2020-05-31T20:07:31Z,Reconyx-HF2X,activity detection,https://multimedia.agouti.eu/assets/1f1217b7-cf4d-42aa-92c8-ace42ffc1d8f/file,online,image/jpeg
http://id.loc.gov/vocabulary/iso639-2/eng,4729dc5c,1640ad29,StillImage,,,2020-05-31T20:07:31Z,Reconyx-HF2X,activity detection,https://multimedia.agouti.eu/assets/1640ad29-e2cb-43cc-8cd6-c1ef2ffaadd7/file,online,image/jpeg
http://id.loc.gov/vocabulary/iso639-2/eng,4729dc5c,f633bdc2,StillImage,,,2020-05-31T20:07:32Z,Reconyx-HF2X,activity detection,https://multimedia.agouti.eu/assets/f633bdc2-745a-46bd-975c-b7ba563dd26d/file,online,image/jpeg
http://id.loc.gov/vocabulary/iso639-2/eng,4729dc5c,209dc64d,StillImage,,,2020-05-31T20:07:33Z,Reconyx-HF2X,activity detection,https://multimedia.agouti.eu/assets/209dc64d-d1c7-4649-b8a2-9e09654022d8/file,online,image/jpeg
http://id.loc.gov/vocabulary/iso639-2/eng,4729dc5c,87cb0fcb,StillImage,,,2020-05-31T20:07:33Z,Reconyx-HF2X,activity detection,https://multimedia.agouti.eu/assets/87cb0fcb-1530-47ca-87f2-4d64573dec80/file,online,image/jpeg
http://id.loc.gov/vocabulary/iso639-2/eng,4729dc5c,3868adcc,StillImage,,,2020-05-31T20:07:34Z,Reconyx-HF2X,activity detection,https://multimedia.agouti.eu/assets/3868adcc-7460-461d-abad-f5da0f8903ab/file,online,image/jpeg
http://id.loc.gov/vocabulary/iso639-2/eng,4729dc5c,690535a6,StillImage,,,2020-05-31T20:07:34Z,Reconyx-HF2X,activity detection,https://multimedia.agouti.eu/assets/690535a6-6625-4d05-8732-d7a59e9f91ea/file,online,image/jpeg
http://id.loc.gov/vocabulary/iso639-2/eng,4729dc5c,b6fa4933,StillImage,,,2020-05-31T20:07:35Z,Reconyx-HF2X,activity detection,https://multimedia.agouti.eu/assets/b6fa4933-572b-42ee-b76d-0e7c45337c73/file,online,image/jpeg
http://id.loc.gov/vocabulary/iso639-2/eng,4729dc5c,f418bc6c,StillImage,,,2020-05-31T20:07:36Z,Reconyx-HF2X,activity detection,https://multimedia.agouti.eu/assets/f418bc6c-0b8e-4d6a-a00e-3b74b562e2d1/file,online,image/jpeg
http://id.loc.gov/vocabulary/iso639-2/eng,254635b0,a33837bf,StillImage,,,2020-06-06T04:11:07Z,Reconyx-HF2X,activity detection,https://multimedia.agouti.eu/assets/a33837bf-46c3-415b-9982-50f838f2a0dd/file,online,image/jpeg
http://id.loc.gov/vocabulary/iso639-2/eng,22a452e1,a33837bf,StillImage,,,2020-06-06T04:11:07Z,Reconyx-HF2X,activity detection,https://multimedia.agouti.eu/assets/a33837bf-46c3-415b-9982-50f838f2a0dd/file,online,image/jpeg
http://id.loc.gov/vocabulary/iso639-2/eng,254635b0,a4c90844,StillImage,,,2020-06-06T04:11:08Z,Reconyx-HF2X,activity detection,https://multimedia.agouti.eu/assets/a4c90844-bf4e-4bb4-8c60-a3b560a45800/file,online,image/jpeg
http://id.loc.gov/vocabulary/iso639-2/eng,22a452e1,a4c90844,StillImage,,,2020-06-06T04:11:08Z,Reconyx-HF2X,activity detection,https://multimedia.agouti.eu/assets/a4c90844-bf4e-4bb4-8c60-a3b560a45800/file,online,image/jpeg
http://id.loc.gov/vocabulary/iso639-2/eng,254635b0,b8d6c1ec,StillImage,,,2020-06-06T04:11:09Z,Reconyx-HF2X,activity detection,https://multimedia.agouti.eu/assets/b8d6c1ec-b1ea-4a12-915a-59c8fb448c6c/file,online,image/jpeg
http://id.loc.gov/vocabulary/iso639-2/eng,22a452e1,b8d6c1ec,StillImage,,,2020-06-06T04:11:09Z,Reconyx-HF2X,activity detection,https://multimedia.agouti.eu/assets/b8d6c1ec-b1ea-4a12-915a-59c8fb448c6c/file,online,image/jpeg
http://id.loc.gov/vocabulary/iso639-2/eng,254635b0,9c4b83d9,StillImage,,,2020-06-06T04:11:09Z,Reconyx-HF2X,activity detection,https://multimedia.agouti.eu/assets/9c4b83d9-711a-43eb-9f40-f894cf470fe1/file,online,image/jpeg
http://id.loc.gov/vocabulary/iso639-2/eng,22a452e1,9c4b83d9,StillImage,,,2020-06-06T04:11:09Z,Reconyx-HF2X,activity detection,https://multimedia.agouti.eu/assets/9c4b83d9-711a-43eb-9f40-f894cf470fe1/file,online,image/jpeg
http://id.loc.gov/vocabulary/iso639-2/eng,254635b0,7e4de13b,StillImage,,,2020-06-06T04:11:10Z,Reconyx-HF2X,activity detection,https://multimedia.agouti.eu/assets/7e4de13b-c589-4b28-b2fb-389e9916ce86/file,online,image/jpeg
http://id.loc.gov/vocabulary/iso639-2/eng,22a452e1,7e4de13b,StillImage,,,2020-06-06T04:11:10Z,Reconyx-HF2X,activity detection,https://multimedia.agouti.eu/assets/7e4de13b-c589-4b28-b2fb-389e9916ce86/file,online,image/jpeg
http://id.loc.gov/vocabulary/iso639-2/eng,254635b0,72366a31,StillImage,,,2020-06-06T04:11:11Z,Reconyx-HF2X,activity detection,https://multimedia.agouti.eu/assets/72366a31-2632-4f2b-b059-b5e5f23358e7/file,online,image/jpeg
http://id.loc.gov/vocabulary/iso639-2/eng,22a452e1,72366a31,StillImage,,,2020-06-06T04:11:11Z,Reconyx-HF2X,activity detection,https://multimedia.agouti.eu/assets/72366a31-2632-4f2b-b059-b5e5f23358e7/file,online,image/jpeg
http://id.loc.gov/vocabulary/iso639-2/eng,254635b0,a55b821f,StillImage,,,2020-06-06T04:11:11Z,Reconyx-HF2X,activity detection,https://multimedia.agouti.eu/assets/a55b821f-da11-41bb-9088-d4474ddd8d4c/file,online,image/jpeg
http://id.loc.gov/vocabulary/iso639-2/eng,22a452e1,a55b821f,StillImage,,,2020-06-06T04:11:11Z,Reconyx-HF2X,activity detection,https://multimedia.agouti.eu/assets/a55b821f-da11-41bb-9088-d4474ddd8d4c/file,online,image/jpeg
http://id.loc.gov/vocabulary/iso639-2/eng,254635b0,28290b2c,StillImage,,,2020-06-06T04:11:12Z,Reconyx-HF2X,activity detection,https://multimedia.agouti.eu/assets/28290b2c-f57c-4d0a-bcd0-c3215c889079/file,online,image/jpeg
http://id.loc.gov/vocabulary/iso639-2/eng,22a452e1,28290b2c,StillImage,,,2020-06-06T04:11:12Z,Reconyx-HF2X,activity detection,https://multimedia.agouti.eu/assets/28290b2c-f57c-4d0a-bcd0-c3215c889079/file,online,image/jpeg
http://id.loc.gov/vocabulary/iso639-2/eng,254635b0,53446511,StillImage,,,2020-06-06T04:11:12Z,Reconyx-HF2X,activity detection,https://multimedia.agouti.eu/assets/53446511-3818-409a-8636-cf8fb16794a0/file,online,image/jpeg
http://id.loc.gov/vocabulary/iso639-2/eng,22a452e1,53446511,StillImage,,,2020-06-06T04:11:12Z,Reconyx-HF2X,activity detection,https://multimedia.agouti.eu/assets/53446511-3818-409a-8636-cf8fb16794a0/file,online,image/jpeg
http://id.loc.gov/vocabulary/iso639-2/eng,254635b0,7d3e106e,StillImage,,,2020-06-06T04:11:13Z,Reconyx-HF2X,activity detection,https://multimedia.agouti.eu/assets/7d3e106e-c9e6-4422-868c-644b095ccff7/file,online,image/jpeg
http://id.loc.gov/vocabulary/iso639-2/eng,22a452e1,7d3e106e,StillImage,,,2020-06-06T04:11:13Z,Reconyx-HF2X,activity detection,https://multimedia.agouti.eu/assets/7d3e106e-c9e6-4422-868c-644b095ccff7/file,online,image/jpeg
http://id.loc.gov/vocabulary/iso639-2/eng,277b2a9f,b1e03fbb,StillImage,,,2020-06-09T03:16:11Z,Reconyx-HF2X,activity detection,https://multimedia.agouti.eu/assets/b1e03fbb-3b83-40d4-bc5b-5d3f796da851/file,online,image/jpeg
http://id.loc.gov/vocabulary/iso639-2/eng,277b2a9f,f69cf443,StillImage,,,2020-06-09T03:16:12Z,Reconyx-HF2X,activity detection,https://multimedia.agouti.eu/assets/f69cf443-6d8c-4e3b-a58a-f51bbdf84685/file,online,image/jpeg
http://id.loc.gov/vocabulary/iso639-2/eng,277b2a9f,235078cc,StillImage,,,2020-06-09T03:16:13Z,Reconyx-HF2X,activity detection,https://multimedia.agouti.eu/assets/235078cc-1b44-4da3-b260-3faccb37c2ca/file,online,image/jpeg
http://id.loc.gov/vocabulary/iso639-2/eng,277b2a9f,8b8ba813,StillImage,,,2020-06-09T03:16:13Z,Reconyx-HF2X,activity detection,https://multimedia.agouti.eu/assets/8b8ba813-1ad5-4944-8c0a-96c82f6fb36f/file,online,image/jpeg
http://id.loc.gov/vocabulary/iso639-2/eng,277b2a9f,b5e07538,StillImage,,,2020-06-09T03:16:14Z,Reconyx-HF2X,activity detection,https://multimedia.agouti.eu/assets/b5e07538-091b-4c16-a553-d9e50ab0e1eb/file,online,image/jpeg
http://id.loc.gov/vocabulary/iso639-2/eng,277b2a9f,f38e18d4,StillImage,,,2020-06-09T03:16:14Z,Reconyx-HF2X,activity detection,https://multimedia.agouti.eu/assets/f38e18d4-7f59-4ad4-befe-2e10d5467f25/file,online,image/jpeg
http://id.loc.gov/vocabulary/iso639-2/eng,277b2a9f,67aecf0d,StillImage,,,2020-06-09T03:16:15Z,Reconyx-HF2X,activity detection,https://multimedia.agouti.eu/assets/67aecf0d-3558-4482-86fb-c9fd72ef4e31/file,online,image/jpeg
http://id.loc.gov/vocabulary/iso639-2/eng,277b2a9f,fc05b93d,StillImage,,,2020-06-09T03:16:16Z,Reconyx-HF2X,activity detection,https://multimedia.agouti.eu/assets/fc05b93d-f9bd-4e8a-86f4-948a47909a08/file,online,image/jpeg
http://id.loc.gov/vocabulary/iso639-2/eng,277b2a9f,46ee4572,StillImage,,,2020-06-09T03:16:16Z,Reconyx-HF2X,activity detection,https://multimedia.agouti.eu/assets/46ee4572-7020-463e-bbe0-86163f387114/file,online,image/jpeg
http://id.loc.gov/vocabulary/iso639-2/eng,277b2a9f,2840949c,StillImage,,,2020-06-09T03:16:17Z,Reconyx-HF2X,activity detection,https://multimedia.agouti.eu/assets/2840949c-5db5-4975-8df5-6b71aa626562/file,online,image/jpeg
http://id.loc.gov/vocabulary/iso639-2/eng,05230014,e68deaed,StillImage,,,2020-06-12T04:04:29Z,Reconyx-HF2X,activity detection,https://multimedia.agouti.eu/assets/e68deaed-a64e-4999-87a3-9aa0edf5970d/file,online,image/jpeg
http://id.loc.gov/vocabulary/iso639-2/eng,5ead5692,e68deaed,StillImage,,,2020-06-12T04:04:29Z,Reconyx-HF2X,activity detection,https://multimedia.agouti.eu/assets/e68deaed-a64e-4999-87a3-9aa0edf5970d/file,online,image/jpeg
http://id.loc.gov/vocabulary/iso639-2/eng,29939500,e68deaed,StillImage,,,2020-06-12T04:04:29Z,Reconyx-HF2X,activity detection,https://multimedia.agouti.eu/assets/e68deaed-a64e-4999-87a3-9aa0edf5970d/file,online,image/jpeg
http://id.loc.gov/vocabulary/iso639-2/eng,05230014,c5efbcb3,StillImage,,,2020-06-12T04:04:30Z,Reconyx-HF2X,activity detection,https://multimedia.agouti.eu/assets/c5efbcb3-34f5-4a59-bc15-034e01b05475/file,online,image/jpeg
http://id.loc.gov/vocabulary/iso639-2/eng,5ead5692,c5efbcb3,StillImage,,,2020-06-12T04:04:30Z,Reconyx-HF2X,activity detection,https://multimedia.agouti.eu/assets/c5efbcb3-34f5-4a59-bc15-034e01b05475/file,online,image/jpeg
http://id.loc.gov/vocabulary/iso639-2/eng,29939500,c5efbcb3,StillImage,,,2020-06-12T04:04:30Z,Reconyx-HF2X,activity detection,https://multimedia.agouti.eu/assets/c5efbcb3-34f5-4a59-bc15-034e01b05475/file,online,image/jpeg
http://id.loc.gov/vocabulary/iso639-2/eng,05230014,07eee194,StillImage,,,2020-06-12T04:04:31Z,Reconyx-HF2X,activity detection,https://multimedia.agouti.eu/assets/07eee194-85c7-4586-96be-7b42ff6f1132/file,online,image/jpeg
http://id.loc.gov/vocabulary/iso639-2/eng,5ead5692,07eee194,StillImage,,,2020-06-12T04:04:31Z,Reconyx-HF2X,activity detection,https://multimedia.agouti.eu/assets/07eee194-85c7-4586-96be-7b42ff6f1132/file,online,image/jpeg
http://id.loc.gov/vocabulary/iso639-2/eng,29939500,07eee194,StillImage,,,2020-06-12T04:04:31Z,Reconyx-HF2X,activity detection,https://multimedia.agouti.eu/assets/07eee194-85c7-4586-96be-7b42ff6f1132/file,online,image/jpeg
http://id.loc.gov/vocabulary/iso639-2/eng,05230014,479a93c4,StillImage,,,2020-06-12T04:04:31Z,Reconyx-HF2X,activity detection,https://multimedia.agouti.eu/assets/479a93c4-bc70-4e91-9ab5-b058df232ed0/file,online,image/jpeg
http://id.loc.gov/vocabulary/iso639-2/eng,5ead5692,479a93c4,StillImage,,,2020-06-12T04:04:31Z,Reconyx-HF2X,activity detection,https://multimedia.agouti.eu/assets/479a93c4-bc70-4e91-9ab5-b058df232ed0/file,online,image/jpeg
http://id.loc.gov/vocabulary/iso639-2/eng,29939500,479a93c4,StillImage,,,2020-06-12T04:04:31Z,Reconyx-HF2X,activity detection,https://multimedia.agouti.eu/assets/479a93c4-bc70-4e91-9ab5-b058df232ed0/file,online,image/jpeg
http://id.loc.gov/vocabulary/iso639-2/eng,05230014,6d65f3e4,StillImage,,,2020-06-12T04:04:32Z,Reconyx-HF2X,activity detection,https://multimedia.agouti.eu/assets/6d65f3e4-4770-407b-b2bf-878983bf9872/file,online,image/jpeg
http://id.loc.gov/vocabulary/iso639-2/eng,5ead5692,6d65f3e4,StillImage,,,2020-06-12T04:04:32Z,Reconyx-HF2X,activity detection,https://multimedia.agouti.eu/assets/6d65f3e4-4770-407b-b2bf-878983bf9872/file,online,image/jpeg
http://id.loc.gov/vocabulary/iso639-2/eng,29939500,6d65f3e4,StillImage,,,2020-06-12T04:04:32Z,Reconyx-HF2X,activity detection,https://multimedia.agouti.eu/assets/6d65f3e4-4770-407b-b2bf-878983bf9872/file,online,image/jpeg
http://id.loc.gov/vocabulary/iso639-2/eng,05230014,5ba57018,StillImage,,,2020-06-12T04:04:32Z,Reconyx-HF2X,activity detection,https://multimedia.agouti.eu/assets/5ba57018-fd06-4319-bc80-ba6efa076c7c/file,online,image/jpeg
http://id.loc.gov/vocabulary/iso639-2/eng,5ead5692,5ba57018,StillImage,,,2020-06-12T04:04:32Z,Reconyx-HF2X,activity detection,https://multimedia.agouti.eu/assets/5ba57018-fd06-4319-bc80-ba6efa076c7c/file,online,image/jpeg
http://id.loc.gov/vocabulary/iso639-2/eng,29939500,5ba57018,StillImage,,,2020-06-12T04:04:32Z,Reconyx-HF2X,activity detection,https://multimedia.agouti.eu/assets/5ba57018-fd06-4319-bc80-ba6efa076c7c/file,online,image/jpeg
http://id.loc.gov/vocabulary/iso639-2/eng,05230014,c39a0749,StillImage,,,2020-06-12T04:04:33Z,Reconyx-HF2X,activity detection,https://multimedia.agouti.eu/assets/c39a0749-b8db-4853-81c4-32b9a99868ca/file,online,image/jpeg
http://id.loc.gov/vocabulary/iso639-2/eng,5ead5692,c39a0749,StillImage,,,2020-06-12T04:04:33Z,Reconyx-HF2X,activity detection,https://multimedia.agouti.eu/assets/c39a0749-b8db-4853-81c4-32b9a99868ca/file,online,image/jpeg
http://id.loc.gov/vocabulary/iso639-2/eng,29939500,c39a0749,StillImage,,,2020-06-12T04:04:33Z,Reconyx-HF2X,activity detection,https://multimedia.agouti.eu/assets/c39a0749-b8db-4853-81c4-32b9a99868ca/file,online,image/jpeg
http://id.loc.gov/vocabulary/iso639-2/eng,05230014,d2ed4389,StillImage,,,2020-06-12T04:04:34Z,Reconyx-HF2X,activity detection,https://multimedia.agouti.eu/assets/d2ed4389-14e6-45d7-b67d-b52d3cffd0fb/file,online,image/jpeg
http://id.loc.gov/vocabulary/iso639-2/eng,5ead5692,d2ed4389,StillImage,,,2020-06-12T04:04:34Z,Reconyx-HF2X,activity detection,https://multimedia.agouti.eu/assets/d2ed4389-14e6-45d7-b67d-b52d3cffd0fb/file,online,image/jpeg
http://id.loc.gov/vocabulary/iso639-2/eng,29939500,d2ed4389,StillImage,,,2020-06-12T04:04:34Z,Reconyx-HF2X,activity detection,https://multimedia.agouti.eu/assets/d2ed4389-14e6-45d7-b67d-b52d3cffd0fb/file,online,image/jpeg
http://id.loc.gov/vocabulary/iso639-2/eng,05230014,51549c25,StillImage,,,2020-06-12T04:04:35Z,Reconyx-HF2X,activity detection,https://multimedia.agouti.eu/assets/51549c25-e565-4ece-a26e-12442ccc3fcb/file,online,image/jpeg
http://id.loc.gov/vocabulary/iso639-2/eng,5ead5692,51549c25,StillImage,,,2020-06-12T04:04:35Z,Reconyx-HF2X,activity detection,https://multimedia.agouti.eu/assets/51549c25-e565-4ece-a26e-12442ccc3fcb/file,online,image/jpeg
http://id.loc.gov/vocabulary/iso639-2/eng,29939500,51549c25,StillImage,,,2020-06-12T04:04:35Z,Reconyx-HF2X,activity detection,https://multimedia.agouti.eu/assets/51549c25-e565-4ece-a26e-12442ccc3fcb/file,online,image/jpeg
http://id.loc.gov/vocabulary/iso639-2/eng,05230014,b78bb29f,StillImage,,,2020-06-12T04:04:35Z,Reconyx-HF2X,activity detection,https://multimedia.agouti.eu/assets/b78bb29f-fbf3-49b0-911b-ca4e5a95d801/file,online,image/jpeg
http://id.loc.gov/vocabulary/iso639-2/eng,5ead5692,b78bb29f,StillImage,,,2020-06-12T04:04:35Z,Reconyx-HF2X,activity detection,https://multimedia.agouti.eu/assets/b78bb29f-fbf3-49b0-911b-ca4e5a95d801/file,online,image/jpeg
http://id.loc.gov/vocabulary/iso639-2/eng,29939500,b78bb29f,StillImage,,,2020-06-12T04:04:35Z,Reconyx-HF2X,activity detection,https://multimedia.agouti.eu/assets/b78bb29f-fbf3-49b0-911b-ca4e5a95d801/file,online,image/jpeg
http://id.loc.gov/vocabulary/iso639-2/eng,05230014,d6785b65,StillImage,,,2020-06-12T04:04:41Z,Reconyx-HF2X,activity detection,https://multimedia.agouti.eu/assets/d6785b65-24fa-4663-8539-e5fb261d069d/file,online,image/jpeg
http://id.loc.gov/vocabulary/iso639-2/eng,5ead5692,d6785b65,StillImage,,,2020-06-12T04:04:41Z,Reconyx-HF2X,activity detection,https://multimedia.agouti.eu/assets/d6785b65-24fa-4663-8539-e5fb261d069d/file,online,image/jpeg
http://id.loc.gov/vocabulary/iso639-2/eng,29939500,d6785b65,StillImage,,,2020-06-12T04:04:41Z,Reconyx-HF2X,activity detection,https://multimedia.agouti.eu/assets/d6785b65-24fa-4663-8539-e5fb261d069d/file,online,image/jpeg
http://id.loc.gov/vocabulary/iso639-2/eng,05230014,2b860458,StillImage,,,2020-06-12T04:04:42Z,Reconyx-HF2X,activity detection,https://multimedia.agouti.eu/assets/2b860458-742b-4fca-937c-2a27742dccb0/file,online,image/jpeg
http://id.loc.gov/vocabulary/iso639-2/eng,5ead5692,2b860458,StillImage,,,2020-06-12T04:04:42Z,Reconyx-HF2X,activity detection,https://multimedia.agouti.eu/assets/2b860458-742b-4fca-937c-2a27742dccb0/file,online,image/jpeg
http://id.loc.gov/vocabulary/iso639-2/eng,29939500,2b860458,StillImage,,,2020-06-12T04:04:42Z,Reconyx-HF2X,activity detection,https://multimedia.agouti.eu/assets/2b860458-742b-4fca-937c-2a27742dccb0/file,online,image/jpeg
http://id.loc.gov/vocabulary/iso639-2/eng,05230014,d45648b9,StillImage,,,2020-06-12T04:04:43Z,Reconyx-HF2X,activity detection,https://multimedia.agouti.eu/assets/d45648b9-76d1-4500-898c-dd3c3f31a0b8/file,online,image/jpeg
http://id.loc.gov/vocabulary/iso639-2/eng,5ead5692,d45648b9,StillImage,,,2020-06-12T04:04:43Z,Reconyx-HF2X,activity detection,https://multimedia.agouti.eu/assets/d45648b9-76d1-4500-898c-dd3c3f31a0b8/file,online,image/jpeg
http://id.loc.gov/vocabulary/iso639-2/eng,29939500,d45648b9,StillImage,,,2020-06-12T04:04:43Z,Reconyx-HF2X,activity detection,https://multimedia.agouti.eu/assets/d45648b9-76d1-4500-898c-dd3c3f31a0b8/file,online,image/jpeg
http://id.loc.gov/vocabulary/iso639-2/eng,05230014,eecd8ce1,StillImage,,,2020-06-12T04:04:43Z,Reconyx-HF2X,activity detection,https://multimedia.agouti.eu/assets/eecd8ce1-2b13-49b7-bcec-c0056848aa62/file,online,image/jpeg
http://id.loc.gov/vocabulary/iso639-2/eng,5ead5692,eecd8ce1,StillImage,,,2020-06-12T04:04:43Z,Reconyx-HF2X,activity detection,https://multimedia.agouti.eu/assets/eecd8ce1-2b13-49b7-bcec-c0056848aa62/file,online,image/jpeg
http://id.loc.gov/vocabulary/iso639-2/eng,29939500,eecd8ce1,StillImage,,,2020-06-12T04:04:43Z,Reconyx-HF2X,activity detection,https://multimedia.agouti.eu/assets/eecd8ce1-2b13-49b7-bcec-c0056848aa62/file,online,image/jpeg
http://id.loc.gov/vocabulary/iso639-2/eng,05230014,48d26ebc,StillImage,,,2020-06-12T04:04:44Z,Reconyx-HF2X,activity detection,https://multimedia.agouti.eu/assets/48d26ebc-ba6e-4245-8f52-c2cc1d64ef1f/file,online,image/jpeg
http://id.loc.gov/vocabulary/iso639-2/eng,5ead5692,48d26ebc,StillImage,,,2020-06-12T04:04:44Z,Reconyx-HF2X,activity detection,https://multimedia.agouti.eu/assets/48d26ebc-ba6e-4245-8f52-c2cc1d64ef1f/file,online,image/jpeg
http://id.loc.gov/vocabulary/iso639-2/eng,29939500,48d26ebc,StillImage,,,2020-06-12T04:04:44Z,Reconyx-HF2X,activity detection,https://multimedia.agouti.eu/assets/48d26ebc-ba6e-4245-8f52-c2cc1d64ef1f/file,online,image/jpeg
http://id.loc.gov/vocabulary/iso639-2/eng,05230014,4afd0344,StillImage,,,2020-06-12T04:04:44Z,Reconyx-HF2X,activity detection,https://multimedia.agouti.eu/assets/4afd0344-3cec-4942-987b-96b69da75e6b/file,online,image/jpeg
http://id.loc.gov/vocabulary/iso639-2/eng,5ead5692,4afd0344,StillImage,,,2020-06-12T04:04:44Z,Reconyx-HF2X,activity detection,https://multimedia.agouti.eu/assets/4afd0344-3cec-4942-987b-96b69da75e6b/file,online,image/jpeg
http://id.loc.gov/vocabulary/iso639-2/eng,29939500,4afd0344,StillImage,,,2020-06-12T04:04:44Z,Reconyx-HF2X,activity detection,https://multimedia.agouti.eu/assets/4afd0344-3cec-4942-987b-96b69da75e6b/file,online,image/jpeg
http://id.loc.gov/vocabulary/iso639-2/eng,05230014,916964ac,StillImage,,,2020-06-12T04:04:45Z,Reconyx-HF2X,activity detection,https://multimedia.agouti.eu/assets/916964ac-6389-4d06-8853-2eac6c36d8e7/file,online,image/jpeg
http://id.loc.gov/vocabulary/iso639-2/eng,5ead5692,916964ac,StillImage,,,2020-06-12T04:04:45Z,Reconyx-HF2X,activity detection,https://multimedia.agouti.eu/assets/916964ac-6389-4d06-8853-2eac6c36d8e7/file,online,image/jpeg
http://id.loc.gov/vocabulary/iso639-2/eng,29939500,916964ac,StillImage,,,2020-06-12T04:04:45Z,Reconyx-HF2X,activity detection,https://multimedia.agouti.eu/assets/916964ac-6389-4d06-8853-2eac6c36d8e7/file,online,image/jpeg
http://id.loc.gov/vocabulary/iso639-2/eng,05230014,3e8e355a,StillImage,,,2020-06-12T04:04:46Z,Reconyx-HF2X,activity detection,https://multimedia.agouti.eu/assets/3e8e355a-6253-4a5f-a950-2f934821b7f7/file,online,image/jpeg
http://id.loc.gov/vocabulary/iso639-2/eng,5ead5692,3e8e355a,StillImage,,,2020-06-12T04:04:46Z,Reconyx-HF2X,activity detection,https://multimedia.agouti.eu/assets/3e8e355a-6253-4a5f-a950-2f934821b7f7/file,online,image/jpeg
http://id.loc.gov/vocabulary/iso639-2/eng,29939500,3e8e355a,StillImage,,,2020-06-12T04:04:46Z,Reconyx-HF2X,activity detection,https://multimedia.agouti.eu/assets/3e8e355a-6253-4a5f-a950-2f934821b7f7/file,online,image/jpeg
http://id.loc.gov/vocabulary/iso639-2/eng,05230014,b7792672,StillImage,,,2020-06-12T04:04:46Z,Reconyx-HF2X,activity detection,https://multimedia.agouti.eu/assets/b7792672-6a31-484a-a97b-e19e34657021/file,online,image/jpeg
http://id.loc.gov/vocabulary/iso639-2/eng,5ead5692,b7792672,StillImage,,,2020-06-12T04:04:46Z,Reconyx-HF2X,activity detection,https://multimedia.agouti.eu/assets/b7792672-6a31-484a-a97b-e19e34657021/file,online,image/jpeg
http://id.loc.gov/vocabulary/iso639-2/eng,29939500,b7792672,StillImage,,,2020-06-12T04:04:46Z,Reconyx-HF2X,activity detection,https://multimedia.agouti.eu/assets/b7792672-6a31-484a-a97b-e19e34657021/file,online,image/jpeg
http://id.loc.gov/vocabulary/iso639-2/eng,05230014,1683dd3b,StillImage,,,2020-06-12T04:04:47Z,Reconyx-HF2X,activity detection,https://multimedia.agouti.eu/assets/1683dd3b-7791-493a-84c6-1bb50541fd97/file,online,image/jpeg
http://id.loc.gov/vocabulary/iso639-2/eng,5ead5692,1683dd3b,StillImage,,,2020-06-12T04:04:47Z,Reconyx-HF2X,activity detection,https://multimedia.agouti.eu/assets/1683dd3b-7791-493a-84c6-1bb50541fd97/file,online,image/jpeg
http://id.loc.gov/vocabulary/iso639-2/eng,29939500,1683dd3b,StillImage,,,2020-06-12T04:04:47Z,Reconyx-HF2X,activity detection,https://multimedia.agouti.eu/assets/1683dd3b-7791-493a-84c6-1bb50541fd97/file,online,image/jpeg
http://id.loc.gov/vocabulary/iso639-2/eng,05230014,e6c63f88,StillImage,,,2020-06-12T04:04:49Z,Reconyx-HF2X,activity detection,https://multimedia.agouti.eu/assets/e6c63f88-a31f-4f06-9410-3213baed08ab/file,online,image/jpeg
http://id.loc.gov/vocabulary/iso639-2/eng,5ead5692,e6c63f88,StillImage,,,2020-06-12T04:04:49Z,Reconyx-HF2X,activity detection,https://multimedia.agouti.eu/assets/e6c63f88-a31f-4f06-9410-3213baed08ab/file,online,image/jpeg
http://id.loc.gov/vocabulary/iso639-2/eng,29939500,e6c63f88,StillImage,,,2020-06-12T04:04:49Z,Reconyx-HF2X,activity detection,https://multimedia.agouti.eu/assets/e6c63f88-a31f-4f06-9410-3213baed08ab/file,online,image/jpeg
http://id.loc.gov/vocabulary/iso639-2/eng,05230014,91a1ba54,StillImage,,,2020-06-12T04:04:50Z,Reconyx-HF2X,activity detection,https://multimedia.agouti.eu/assets/91a1ba54-5e19-4f18-88f8-8dd0dd3ef836/file,online,image/jpeg
http://id.loc.gov/vocabulary/iso639-2/eng,5ead5692,91a1ba54,StillImage,,,2020-06-12T04:04:50Z,Reconyx-HF2X,activity detection,https://multimedia.agouti.eu/assets/91a1ba54-5e19-4f18-88f8-8dd0dd3ef836/file,online,image/jpeg
http://id.loc.gov/vocabulary/iso639-2/eng,29939500,91a1ba54,StillImage,,,2020-06-12T04:04:50Z,Reconyx-HF2X,activity detection,https://multimedia.agouti.eu/assets/91a1ba54-5e19-4f18-88f8-8dd0dd3ef836/file,online,image/jpeg
http://id.loc.gov/vocabulary/iso639-2/eng,05230014,233a2f40,StillImage,,,2020-06-12T04:04:51Z,Reconyx-HF2X,activity detection,https://multimedia.agouti.eu/assets/233a2f40-b0c5-4b93-90e4-e254d2e148f5/file,online,image/jpeg
http://id.loc.gov/vocabulary/iso639-2/eng,5ead5692,233a2f40,StillImage,,,2020-06-12T04:04:51Z,Reconyx-HF2X,activity detection,https://multimedia.agouti.eu/assets/233a2f40-b0c5-4b93-90e4-e254d2e148f5/file,online,image/jpeg
http://id.loc.gov/vocabulary/iso639-2/eng,29939500,233a2f40,StillImage,,,2020-06-12T04:04:51Z,Reconyx-HF2X,activity detection,https://multimedia.agouti.eu/assets/233a2f40-b0c5-4b93-90e4-e254d2e148f5/file,online,image/jpeg
http://id.loc.gov/vocabulary/iso639-2/eng,05230014,5e01e638,StillImage,,,2020-06-12T04:04:51Z,Reconyx-HF2X,activity detection,https://multimedia.agouti.eu/assets/5e01e638-d36f-4ca2-957d-7bbdc76dcc89/file,online,image/jpeg
http://id.loc.gov/vocabulary/iso639-2/eng,5ead5692,5e01e638,StillImage,,,2020-06-12T04:04:51Z,Reconyx-HF2X,activity detection,https://multimedia.agouti.eu/assets/5e01e638-d36f-4ca2-957d-7bbdc76dcc89/file,online,image/jpeg
http://id.loc.gov/vocabulary/iso639-2/eng,29939500,5e01e638,StillImage,,,2020-06-12T04:04:51Z,Reconyx-HF2X,activity detection,https://multimedia.agouti.eu/assets/5e01e638-d36f-4ca2-957d-7bbdc76dcc89/file,online,image/jpeg
http://id.loc.gov/vocabulary/iso639-2/eng,05230014,dadf1718,StillImage,,,2020-06-12T04:04:52Z,Reconyx-HF2X,activity detection,https://multimedia.agouti.eu/assets/dadf1718-90bd-438e-8649-3663f226072f/file,online,image/jpeg
http://id.loc.gov/vocabulary/iso639-2/eng,5ead5692,dadf1718,StillImage,,,2020-06-12T04:04:52Z,Reconyx-HF2X,activity detection,https://multimedia.agouti.eu/assets/dadf1718-90bd-438e-8649-3663f226072f/file,online,image/jpeg
http://id.loc.gov/vocabulary/iso639-2/eng,29939500,dadf1718,StillImage,,,2020-06-12T04:04:52Z,Reconyx-HF2X,activity detection,https://multimedia.agouti.eu/assets/dadf1718-90bd-438e-8649-3663f226072f/file,online,image/jpeg
http://id.loc.gov/vocabulary/iso639-2/eng,05230014,643d63a4,StillImage,,,2020-06-12T04:04:52Z,Reconyx-HF2X,activity detection,https://multimedia.agouti.eu/assets/643d63a4-dd46-4b9d-b3de-665fe2a46754/file,online,image/jpeg
http://id.loc.gov/vocabulary/iso639-2/eng,5ead5692,643d63a4,StillImage,,,2020-06-12T04:04:52Z,Reconyx-HF2X,activity detection,https://multimedia.agouti.eu/assets/643d63a4-dd46-4b9d-b3de-665fe2a46754/file,online,image/jpeg
http://id.loc.gov/vocabulary/iso639-2/eng,29939500,643d63a4,StillImage,,,2020-06-12T04:04:52Z,Reconyx-HF2X,activity detection,https://multimedia.agouti.eu/assets/643d63a4-dd46-4b9d-b3de-665fe2a46754/file,online,image/jpeg
http://id.loc.gov/vocabulary/iso639-2/eng,05230014,19744c44,StillImage,,,2020-06-12T04:04:53Z,Reconyx-HF2X,activity detection,https://multimedia.agouti.eu/assets/19744c44-03ea-438f-9dc7-927e6e494ee1/file,online,image/jpeg
http://id.loc.gov/vocabulary/iso639-2/eng,5ead5692,19744c44,StillImage,,,2020-06-12T04:04:53Z,Reconyx-HF2X,activity detection,https://multimedia.agouti.eu/assets/19744c44-03ea-438f-9dc7-927e6e494ee1/file,online,image/jpeg
http://id.loc.gov/vocabulary/iso639-2/eng,29939500,19744c44,StillImage,,,2020-06-12T04:04:53Z,Reconyx-HF2X,activity detection,https://multimedia.agouti.eu/assets/19744c44-03ea-438f-9dc7-927e6e494ee1/file,online,image/jpeg
http://id.loc.gov/vocabulary/iso639-2/eng,05230014,edc345bc,StillImage,,,2020-06-12T04:04:54Z,Reconyx-HF2X,activity detection,https://multimedia.agouti.eu/assets/edc345bc-b58a-4c0d-8659-89132449cc3c/file,online,image/jpeg
http://id.loc.gov/vocabulary/iso639-2/eng,5ead5692,edc345bc,StillImage,,,2020-06-12T04:04:54Z,Reconyx-HF2X,activity detection,https://multimedia.agouti.eu/assets/edc345bc-b58a-4c0d-8659-89132449cc3c/file,online,image/jpeg
http://id.loc.gov/vocabulary/iso639-2/eng,29939500,edc345bc,StillImage,,,2020-06-12T04:04:54Z,Reconyx-HF2X,activity detection,https://multimedia.agouti.eu/assets/edc345bc-b58a-4c0d-8659-89132449cc3c/file,online,image/jpeg
http://id.loc.gov/vocabulary/iso639-2/eng,05230014,b6e435f8,StillImage,,,2020-06-12T04:04:54Z,Reconyx-HF2X,activity detection,https://multimedia.agouti.eu/assets/b6e435f8-b22b-4916-8275-5fbff2d84a76/file,online,image/jpeg
http://id.loc.gov/vocabulary/iso639-2/eng,5ead5692,b6e435f8,StillImage,,,2020-06-12T04:04:54Z,Reconyx-HF2X,activity detection,https://multimedia.agouti.eu/assets/b6e435f8-b22b-4916-8275-5fbff2d84a76/file,online,image/jpeg
http://id.loc.gov/vocabulary/iso639-2/eng,29939500,b6e435f8,StillImage,,,2020-06-12T04:04:54Z,Reconyx-HF2X,activity detection,https://multimedia.agouti.eu/assets/b6e435f8-b22b-4916-8275-5fbff2d84a76/file,online,image/jpeg
http://id.loc.gov/vocabulary/iso639-2/eng,05230014,54c5d869,StillImage,,,2020-06-12T04:04:55Z,Reconyx-HF2X,activity detection,https://multimedia.agouti.eu/assets/54c5d869-8492-4b16-a72e-45196284559c/file,online,image/jpeg
http://id.loc.gov/vocabulary/iso639-2/eng,5ead5692,54c5d869,StillImage,,,2020-06-12T04:04:55Z,Reconyx-HF2X,activity detection,https://multimedia.agouti.eu/assets/54c5d869-8492-4b16-a72e-45196284559c/file,online,image/jpeg
http://id.loc.gov/vocabulary/iso639-2/eng,29939500,54c5d869,StillImage,,,2020-06-12T04:04:55Z,Reconyx-HF2X,activity detection,https://multimedia.agouti.eu/assets/54c5d869-8492-4b16-a72e-45196284559c/file,online,image/jpeg
http://id.loc.gov/vocabulary/iso639-2/eng,a9fa9969,9997f96e,StillImage,,,2020-06-22T02:11:14Z,Reconyx-HF2X,activity detection,https://multimedia.agouti.eu/assets/9997f96e-a9b7-429b-95c6-87711dc07533/file,online,image/jpeg
http://id.loc.gov/vocabulary/iso639-2/eng,4e417be8,9997f96e,StillImage,,,2020-06-22T02:11:14Z,Reconyx-HF2X,activity detection,https://multimedia.agouti.eu/assets/9997f96e-a9b7-429b-95c6-87711dc07533/file,online,image/jpeg
http://id.loc.gov/vocabulary/iso639-2/eng,a9fa9969,e4765ced,StillImage,,,2020-06-22T02:11:15Z,Reconyx-HF2X,activity detection,https://multimedia.agouti.eu/assets/e4765ced-1696-4983-be45-c06123a59af5/file,online,image/jpeg
http://id.loc.gov/vocabulary/iso639-2/eng,4e417be8,e4765ced,StillImage,,,2020-06-22T02:11:15Z,Reconyx-HF2X,activity detection,https://multimedia.agouti.eu/assets/e4765ced-1696-4983-be45-c06123a59af5/file,online,image/jpeg
http://id.loc.gov/vocabulary/iso639-2/eng,a9fa9969,e0d3e72e,StillImage,,,2020-06-22T02:11:15Z,Reconyx-HF2X,activity detection,https://multimedia.agouti.eu/assets/e0d3e72e-4e44-4125-9e85-2432b62d8dec/file,online,image/jpeg
http://id.loc.gov/vocabulary/iso639-2/eng,4e417be8,e0d3e72e,StillImage,,,2020-06-22T02:11:15Z,Reconyx-HF2X,activity detection,https://multimedia.agouti.eu/assets/e0d3e72e-4e44-4125-9e85-2432b62d8dec/file,online,image/jpeg
http://id.loc.gov/vocabulary/iso639-2/eng,a9fa9969,6bd083fd,StillImage,,,2020-06-22T02:11:16Z,Reconyx-HF2X,activity detection,https://multimedia.agouti.eu/assets/6bd083fd-e012-40c6-94a0-38eb2b73e248/file,online,image/jpeg
http://id.loc.gov/vocabulary/iso639-2/eng,4e417be8,6bd083fd,StillImage,,,2020-06-22T02:11:16Z,Reconyx-HF2X,activity detection,https://multimedia.agouti.eu/assets/6bd083fd-e012-40c6-94a0-38eb2b73e248/file,online,image/jpeg
http://id.loc.gov/vocabulary/iso639-2/eng,a9fa9969,f1b07d90,StillImage,,,2020-06-22T02:11:17Z,Reconyx-HF2X,activity detection,https://multimedia.agouti.eu/assets/f1b07d90-510c-47f8-a14e-df56f659fc10/file,online,image/jpeg
http://id.loc.gov/vocabulary/iso639-2/eng,4e417be8,f1b07d90,StillImage,,,2020-06-22T02:11:17Z,Reconyx-HF2X,activity detection,https://multimedia.agouti.eu/assets/f1b07d90-510c-47f8-a14e-df56f659fc10/file,online,image/jpeg
http://id.loc.gov/vocabulary/iso639-2/eng,a9fa9969,32da352b,StillImage,,,2020-06-22T02:11:17Z,Reconyx-HF2X,activity detection,https://multimedia.agouti.eu/assets/32da352b-3366-4611-9f71-d52187185ecb/file,online,image/jpeg
http://id.loc.gov/vocabulary/iso639-2/eng,4e417be8,32da352b,StillImage,,,2020-06-22T02:11:17Z,Reconyx-HF2X,activity detection,https://multimedia.agouti.eu/assets/32da352b-3366-4611-9f71-d52187185ecb/file,online,image/jpeg
http://id.loc.gov/vocabulary/iso639-2/eng,a9fa9969,b0bb7a64,StillImage,,,2020-06-22T02:11:18Z,Reconyx-HF2X,activity detection,https://multimedia.agouti.eu/assets/b0bb7a64-38c6-4c39-84aa-52e3a5397eb9/file,online,image/jpeg
http://id.loc.gov/vocabulary/iso639-2/eng,4e417be8,b0bb7a64,StillImage,,,2020-06-22T02:11:18Z,Reconyx-HF2X,activity detection,https://multimedia.agouti.eu/assets/b0bb7a64-38c6-4c39-84aa-52e3a5397eb9/file,online,image/jpeg
http://id.loc.gov/vocabulary/iso639-2/eng,a9fa9969,ad2d234c,StillImage,,,2020-06-22T02:11:18Z,Reconyx-HF2X,activity detection,https://multimedia.agouti.eu/assets/ad2d234c-950f-4aba-b4dc-aab9af5583db/file,online,image/jpeg
http://id.loc.gov/vocabulary/iso639-2/eng,4e417be8,ad2d234c,StillImage,,,2020-06-22T02:11:18Z,Reconyx-HF2X,activity detection,https://multimedia.agouti.eu/assets/ad2d234c-950f-4aba-b4dc-aab9af5583db/file,online,image/jpeg
http://id.loc.gov/vocabulary/iso639-2/eng,a9fa9969,5ceaf351,StillImage,,,2020-06-22T02:11:19Z,Reconyx-HF2X,activity detection,https://multimedia.agouti.eu/assets/5ceaf351-e5be-4d7e-91ab-435e501d1a8b/file,online,image/jpeg
http://id.loc.gov/vocabulary/iso639-2/eng,4e417be8,5ceaf351,StillImage,,,2020-06-22T02:11:19Z,Reconyx-HF2X,activity detection,https://multimedia.agouti.eu/assets/5ceaf351-e5be-4d7e-91ab-435e501d1a8b/file,online,image/jpeg
http://id.loc.gov/vocabulary/iso639-2/eng,a9fa9969,1fb9601b,StillImage,,,2020-06-22T02:11:20Z,Reconyx-HF2X,activity detection,https://multimedia.agouti.eu/assets/1fb9601b-c185-4908-b3f4-a678669c6ee2/file,online,image/jpeg
http://id.loc.gov/vocabulary/iso639-2/eng,4e417be8,1fb9601b,StillImage,,,2020-06-22T02:11:20Z,Reconyx-HF2X,activity detection,https://multimedia.agouti.eu/assets/1fb9601b-c185-4908-b3f4-a678669c6ee2/file,online,image/jpeg
http://id.loc.gov/vocabulary/iso639-2/eng,ebed479a,e8b62b7e,StillImage,,,2020-06-27T01:19:06Z,Reconyx-HF2X,activity detection,https://multimedia.agouti.eu/assets/e8b62b7e-969c-4d44-9a95-1a453cdd0ed6/file,online,image/jpeg
http://id.loc.gov/vocabulary/iso639-2/eng,ebed479a,eb0f5a36,StillImage,,,2020-06-27T01:19:06Z,Reconyx-HF2X,activity detection,https://multimedia.agouti.eu/assets/eb0f5a36-7755-42f5-a2dd-329cae99957c/file,online,image/jpeg
http://id.loc.gov/vocabulary/iso639-2/eng,ebed479a,51372859,StillImage,,,2020-06-27T01:19:07Z,Reconyx-HF2X,activity detection,https://multimedia.agouti.eu/assets/51372859-13ba-4f14-b167-5ea24877c2c3/file,online,image/jpeg
http://id.loc.gov/vocabulary/iso639-2/eng,ebed479a,fb4f22df,StillImage,,,2020-06-27T01:19:08Z,Reconyx-HF2X,activity detection,https://multimedia.agouti.eu/assets/fb4f22df-e625-4d36-88ca-cb25d726a0e0/file,online,image/jpeg
http://id.loc.gov/vocabulary/iso639-2/eng,ebed479a,4c2e721f,StillImage,,,2020-06-27T01:19:08Z,Reconyx-HF2X,activity detection,https://multimedia.agouti.eu/assets/4c2e721f-6bdd-4f57-bcc1-681e03dee579/file,online,image/jpeg
http://id.loc.gov/vocabulary/iso639-2/eng,ebed479a,4f95d6c1,StillImage,,,2020-06-27T01:19:09Z,Reconyx-HF2X,activity detection,https://multimedia.agouti.eu/assets/4f95d6c1-4d39-420e-a787-dd567b75c577/file,online,image/jpeg
http://id.loc.gov/vocabulary/iso639-2/eng,ebed479a,9719433c,StillImage,,,2020-06-27T01:19:09Z,Reconyx-HF2X,activity detection,https://multimedia.agouti.eu/assets/9719433c-9176-44c5-9e3e-77cbed3ff57c/file,online,image/jpeg
http://id.loc.gov/vocabulary/iso639-2/eng,ebed479a,87d9bbb7,StillImage,,,2020-06-27T01:19:10Z,Reconyx-HF2X,activity detection,https://multimedia.agouti.eu/assets/87d9bbb7-4006-447b-aee1-37674e1a4ab1/file,online,image/jpeg
http://id.loc.gov/vocabulary/iso639-2/eng,ebed479a,d82e840f,StillImage,,,2020-06-27T01:19:11Z,Reconyx-HF2X,activity detection,https://multimedia.agouti.eu/assets/d82e840f-9d5a-4b86-808d-422e798c207f/file,online,image/jpeg
http://id.loc.gov/vocabulary/iso639-2/eng,ebed479a,37bdf4b3,StillImage,,,2020-06-27T01:19:11Z,Reconyx-HF2X,activity detection,https://multimedia.agouti.eu/assets/37bdf4b3-17c3-4549-9d04-35c6a342ab10/file,online,image/jpeg
http://id.loc.gov/vocabulary/iso639-2/eng,3d065f23,8263e85b,StillImage,,,2020-07-29T05:46:48Z,Reconyx-HF2X,activity detection,https://multimedia.agouti.eu/assets/8263e85b-786a-4f62-9817-d54fb1dafb5d/file,online,image/jpeg
http://id.loc.gov/vocabulary/iso639-2/eng,66922f89,8263e85b,StillImage,,,2020-07-29T05:46:48Z,Reconyx-HF2X,activity detection,https://multimedia.agouti.eu/assets/8263e85b-786a-4f62-9817-d54fb1dafb5d/file,online,image/jpeg
http://id.loc.gov/vocabulary/iso639-2/eng,3d065f23,cf97e186,StillImage,,,2020-07-29T05:46:49Z,Reconyx-HF2X,activity detection,https://multimedia.agouti.eu/assets/cf97e186-9679-4cd9-95fa-dfa50d8003cc/file,online,image/jpeg
http://id.loc.gov/vocabulary/iso639-2/eng,66922f89,cf97e186,StillImage,,,2020-07-29T05:46:49Z,Reconyx-HF2X,activity detection,https://multimedia.agouti.eu/assets/cf97e186-9679-4cd9-95fa-dfa50d8003cc/file,online,image/jpeg
http://id.loc.gov/vocabulary/iso639-2/eng,3d065f23,969ee7eb,StillImage,,,2020-07-29T05:46:49Z,Reconyx-HF2X,activity detection,https://multimedia.agouti.eu/assets/969ee7eb-6bd1-41b5-ac69-cd957e819f75/file,online,image/jpeg
http://id.loc.gov/vocabulary/iso639-2/eng,66922f89,969ee7eb,StillImage,,,2020-07-29T05:46:49Z,Reconyx-HF2X,activity detection,https://multimedia.agouti.eu/assets/969ee7eb-6bd1-41b5-ac69-cd957e819f75/file,online,image/jpeg
http://id.loc.gov/vocabulary/iso639-2/eng,3d065f23,2f80c542,StillImage,,,2020-07-29T05:46:50Z,Reconyx-HF2X,activity detection,https://multimedia.agouti.eu/assets/2f80c542-7c7c-490f-a34b-297029f52a9b/file,online,image/jpeg
http://id.loc.gov/vocabulary/iso639-2/eng,66922f89,2f80c542,StillImage,,,2020-07-29T05:46:50Z,Reconyx-HF2X,activity detection,https://multimedia.agouti.eu/assets/2f80c542-7c7c-490f-a34b-297029f52a9b/file,online,image/jpeg
http://id.loc.gov/vocabulary/iso639-2/eng,3d065f23,a67541cf,StillImage,,,2020-07-29T05:46:51Z,Reconyx-HF2X,activity detection,https://multimedia.agouti.eu/assets/a67541cf-0769-44ca-9af1-853298cc7580/file,online,image/jpeg
http://id.loc.gov/vocabulary/iso639-2/eng,66922f89,a67541cf,StillImage,,,2020-07-29T05:46:51Z,Reconyx-HF2X,activity detection,https://multimedia.agouti.eu/assets/a67541cf-0769-44ca-9af1-853298cc7580/file,online,image/jpeg
http://id.loc.gov/vocabulary/iso639-2/eng,3d065f23,00c300dc,StillImage,,,2020-07-29T05:46:51Z,Reconyx-HF2X,activity detection,https://multimedia.agouti.eu/assets/00c300dc-68dc-4ad6-ac48-57a765794cc6/file,online,image/jpeg
http://id.loc.gov/vocabulary/iso639-2/eng,66922f89,00c300dc,StillImage,,,2020-07-29T05:46:51Z,Reconyx-HF2X,activity detection,https://multimedia.agouti.eu/assets/00c300dc-68dc-4ad6-ac48-57a765794cc6/file,online,image/jpeg
http://id.loc.gov/vocabulary/iso639-2/eng,3d065f23,e5a7fafa,StillImage,,,2020-07-29T05:46:52Z,Reconyx-HF2X,activity detection,https://multimedia.agouti.eu/assets/e5a7fafa-ce79-4a57-82f3-2f9e4e35f1a9/file,online,image/jpeg
http://id.loc.gov/vocabulary/iso639-2/eng,66922f89,e5a7fafa,StillImage,,,2020-07-29T05:46:52Z,Reconyx-HF2X,activity detection,https://multimedia.agouti.eu/assets/e5a7fafa-ce79-4a57-82f3-2f9e4e35f1a9/file,online,image/jpeg
http://id.loc.gov/vocabulary/iso639-2/eng,3d065f23,465e0790,StillImage,,,2020-07-29T05:46:52Z,Reconyx-HF2X,activity detection,https://multimedia.agouti.eu/assets/465e0790-4e14-4169-ab82-3da2cd59ff9f/file,online,image/jpeg
http://id.loc.gov/vocabulary/iso639-2/eng,66922f89,465e0790,StillImage,,,2020-07-29T05:46:52Z,Reconyx-HF2X,activity detection,https://multimedia.agouti.eu/assets/465e0790-4e14-4169-ab82-3da2cd59ff9f/file,online,image/jpeg
http://id.loc.gov/vocabulary/iso639-2/eng,3d065f23,a3d8e093,StillImage,,,2020-07-29T05:46:53Z,Reconyx-HF2X,activity detection,https://multimedia.agouti.eu/assets/a3d8e093-2471-4a5c-bc77-20618e641dd3/file,online,image/jpeg
http://id.loc.gov/vocabulary/iso639-2/eng,66922f89,a3d8e093,StillImage,,,2020-07-29T05:46:53Z,Reconyx-HF2X,activity detection,https://multimedia.agouti.eu/assets/a3d8e093-2471-4a5c-bc77-20618e641dd3/file,online,image/jpeg
http://id.loc.gov/vocabulary/iso639-2/eng,3d065f23,9aa6b614,StillImage,,,2020-07-29T05:46:54Z,Reconyx-HF2X,activity detection,https://multimedia.agouti.eu/assets/9aa6b614-d598-44f1-b953-559bc00d1d84/file,online,image/jpeg
http://id.loc.gov/vocabulary/iso639-2/eng,66922f89,9aa6b614,StillImage,,,2020-07-29T05:46:54Z,Reconyx-HF2X,activity detection,https://multimedia.agouti.eu/assets/9aa6b614-d598-44f1-b953-559bc00d1d84/file,online,image/jpeg
http://id.loc.gov/vocabulary/iso639-2/eng,1fa8b00a,6ef7e463,StillImage,,,2020-07-30T04:29:31Z,Reconyx-HF2X,activity detection,https://multimedia.agouti.eu/assets/6ef7e463-b487-4882-a705-2f0634949531/file,online,image/jpeg
http://id.loc.gov/vocabulary/iso639-2/eng,1fa8b00a,9daa27f6,StillImage,,,2020-07-30T04:29:32Z,Reconyx-HF2X,activity detection,https://multimedia.agouti.eu/assets/9daa27f6-c369-48a5-8ee4-42009111a96f/file,online,image/jpeg
http://id.loc.gov/vocabulary/iso639-2/eng,1fa8b00a,d6de3d71,StillImage,,,2020-07-30T04:29:33Z,Reconyx-HF2X,activity detection,https://multimedia.agouti.eu/assets/d6de3d71-2c18-457f-9ef9-40c9118c52d7/file,online,image/jpeg
http://id.loc.gov/vocabulary/iso639-2/eng,1fa8b00a,1e381a4f,StillImage,,,2020-07-30T04:29:33Z,Reconyx-HF2X,activity detection,https://multimedia.agouti.eu/assets/1e381a4f-25bd-46b6-ac26-5b8616f361bf/file,online,image/jpeg
http://id.loc.gov/vocabulary/iso639-2/eng,1fa8b00a,d1d5db8f,StillImage,,,2020-07-30T04:29:34Z,Reconyx-HF2X,activity detection,https://multimedia.agouti.eu/assets/d1d5db8f-3a59-42b7-9ee3-d06ca489ba1c/file,online,image/jpeg
http://id.loc.gov/vocabulary/iso639-2/eng,1fa8b00a,7206f7aa,StillImage,,,2020-07-30T04:29:34Z,Reconyx-HF2X,activity detection,https://multimedia.agouti.eu/assets/7206f7aa-89d1-477d-b528-9dc53c01af0d/file,online,image/jpeg
http://id.loc.gov/vocabulary/iso639-2/eng,1fa8b00a,4c6b5b3b,StillImage,,,2020-07-30T04:29:35Z,Reconyx-HF2X,activity detection,https://multimedia.agouti.eu/assets/4c6b5b3b-2b95-4480-954f-21f2b10c6206/file,online,image/jpeg
http://id.loc.gov/vocabulary/iso639-2/eng,1fa8b00a,c953bbdb,StillImage,,,2020-07-30T04:29:36Z,Reconyx-HF2X,activity detection,https://multimedia.agouti.eu/assets/c953bbdb-2c13-4d3a-ad6c-c320ff3f61bb/file,online,image/jpeg
http://id.loc.gov/vocabulary/iso639-2/eng,1fa8b00a,9fb67f43,StillImage,,,2020-07-30T04:29:36Z,Reconyx-HF2X,activity detection,https://multimedia.agouti.eu/assets/9fb67f43-2a62-4259-8623-a6e22394b157/file,online,image/jpeg
http://id.loc.gov/vocabulary/iso639-2/eng,1fa8b00a,d432ab6f,StillImage,,,2020-07-30T04:29:37Z,Reconyx-HF2X,activity detection,https://multimedia.agouti.eu/assets/d432ab6f-38a6-4336-9358-8bc630139f92/file,online,image/jpeg
http://id.loc.gov/vocabulary/iso639-2/eng,e57d97b3,58a41680,StillImage,,,2020-07-31T04:43:33Z,Reconyx-HF2X,activity detection,https://multimedia.agouti.eu/assets/58a41680-8f1f-4751-bda6-a6fa86d9ed7c/file,online,image/jpeg
http://id.loc.gov/vocabulary/iso639-2/eng,e57d97b3,b84bcd80,StillImage,,,2020-07-31T04:43:34Z,Reconyx-HF2X,activity detection,https://multimedia.agouti.eu/assets/b84bcd80-5d00-46b9-b3c3-f1e6282d2e53/file,online,image/jpeg
http://id.loc.gov/vocabulary/iso639-2/eng,e57d97b3,81d1219e,StillImage,,,2020-07-31T04:43:34Z,Reconyx-HF2X,activity detection,https://multimedia.agouti.eu/assets/81d1219e-3cdf-46cf-99d9-ffc3f4214c2d/file,online,image/jpeg
http://id.loc.gov/vocabulary/iso639-2/eng,e57d97b3,85e5cd57,StillImage,,,2020-07-31T04:43:35Z,Reconyx-HF2X,activity detection,https://multimedia.agouti.eu/assets/85e5cd57-989e-4a7c-882b-3185f0017280/file,online,image/jpeg
http://id.loc.gov/vocabulary/iso639-2/eng,e57d97b3,020dbfe0,StillImage,,,2020-07-31T04:43:35Z,Reconyx-HF2X,activity detection,https://multimedia.agouti.eu/assets/020dbfe0-148b-443c-8a4b-7919e3323fa3/file,online,image/jpeg
http://id.loc.gov/vocabulary/iso639-2/eng,e57d97b3,fb144e45,StillImage,,,2020-07-31T04:43:36Z,Reconyx-HF2X,activity detection,https://multimedia.agouti.eu/assets/fb144e45-cdeb-4e67-88af-f2956d87d930/file,online,image/jpeg
http://id.loc.gov/vocabulary/iso639-2/eng,e57d97b3,fb6eb723,StillImage,,,2020-07-31T04:43:37Z,Reconyx-HF2X,activity detection,https://multimedia.agouti.eu/assets/fb6eb723-869f-47eb-9ddd-8cca98228bbf/file,online,image/jpeg
http://id.loc.gov/vocabulary/iso639-2/eng,e57d97b3,7aaee7d3,StillImage,,,2020-07-31T04:43:37Z,Reconyx-HF2X,activity detection,https://multimedia.agouti.eu/assets/7aaee7d3-d946-465f-99b0-7b4cdf19aff1/file,online,image/jpeg
http://id.loc.gov/vocabulary/iso639-2/eng,e57d97b3,987e1ab4,StillImage,,,2020-07-31T04:43:38Z,Reconyx-HF2X,activity detection,https://multimedia.agouti.eu/assets/987e1ab4-5e2a-4d2f-86a8-6615f0346079/file,online,image/jpeg
http://id.loc.gov/vocabulary/iso639-2/eng,e57d97b3,778315fe,StillImage,,,2020-07-31T04:43:38Z,Reconyx-HF2X,activity detection,https://multimedia.agouti.eu/assets/778315fe-c62d-4a7f-96fc-5eea5d4377ac/file,online,image/jpeg
http://id.loc.gov/vocabulary/iso639-2/eng,f5707f70,b9da91c2,StillImage,,,2020-08-02T05:00:14Z,Reconyx-HF2X,activity detection,https://multimedia.agouti.eu/assets/b9da91c2-3dbc-42b8-a495-06b234f60670/file,online,image/jpeg
http://id.loc.gov/vocabulary/iso639-2/eng,f5707f70,1b2d3e73,StillImage,,,2020-08-02T05:00:15Z,Reconyx-HF2X,activity detection,https://multimedia.agouti.eu/assets/1b2d3e73-b95e-4217-90a1-4c45a75b00fe/file,online,image/jpeg
http://id.loc.gov/vocabulary/iso639-2/eng,f5707f70,da6db024,StillImage,,,2020-08-02T05:00:15Z,Reconyx-HF2X,activity detection,https://multimedia.agouti.eu/assets/da6db024-ce23-4438-9470-f7417cb9da76/file,online,image/jpeg
http://id.loc.gov/vocabulary/iso639-2/eng,f5707f70,4a4c3a2e,StillImage,,,2020-08-02T05:00:16Z,Reconyx-HF2X,activity detection,https://multimedia.agouti.eu/assets/4a4c3a2e-39fc-4cb0-a650-810e5c904475/file,online,image/jpeg
http://id.loc.gov/vocabulary/iso639-2/eng,f5707f70,59b38bc6,StillImage,marked as favorite | used for figure,,2020-08-02T05:00:16Z,Reconyx-HF2X,activity detection,https://multimedia.agouti.eu/assets/59b38bc6-c0c9-4917-b924-c135d1cd4fe1/file,online,image/jpeg
http://id.loc.gov/vocabulary/iso639-2/eng,f5707f70,108f94c9,StillImage,,,2020-08-02T05:00:17Z,Reconyx-HF2X,activity detection,https://multimedia.agouti.eu/assets/108f94c9-dbe6-49a5-a2f8-e76934ab0d8f/file,online,image/jpeg
http://id.loc.gov/vocabulary/iso639-2/eng,f5707f70,cc50edaa,StillImage,marked as favorite | used for figure,,2020-08-02T05:00:18Z,Reconyx-HF2X,activity detection,https://multimedia.agouti.eu/assets/cc50edaa-ec7d-4c1e-900c-8885e279f9dd/file,online,image/jpeg
http://id.loc.gov/vocabulary/iso639-2/eng,f5707f70,cb2cf96f,StillImage,,,2020-08-02T05:00:18Z,Reconyx-HF2X,activity detection,https://multimedia.agouti.eu/assets/cb2cf96f-7ed0-42da-9ded-5fd99ef85cc1/file,online,image/jpeg
http://id.loc.gov/vocabulary/iso639-2/eng,f5707f70,0966e552,StillImage,marked as favorite | used for figure,,2020-08-02T05:00:19Z,Reconyx-HF2X,activity detection,https://multimedia.agouti.eu/assets/0966e552-2b23-4a2a-a21f-8602bdfbf766/file,online,image/jpeg
http://id.loc.gov/vocabulary/iso639-2/eng,f5707f70,b6ff482b,StillImage,,,2020-08-02T05:00:19Z,Reconyx-HF2X,activity detection,https://multimedia.agouti.eu/assets/b6ff482b-32a5-43f0-aa03-84dfed50a290/file,online,image/jpeg
http://id.loc.gov/vocabulary/iso639-2/eng,f5707f70,89e33664,StillImage,,,2020-08-02T05:00:30Z,Reconyx-HF2X,activity detection,https://multimedia.agouti.eu/assets/89e33664-eb70-412f-97a4-8d830b820f46/file,online,image/jpeg
http://id.loc.gov/vocabulary/iso639-2/eng,f5707f70,bba70d2c,StillImage,,,2020-08-02T05:00:30Z,Reconyx-HF2X,activity detection,https://multimedia.agouti.eu/assets/bba70d2c-6c19-4be9-91ec-25399d243d51/file,online,image/jpeg
http://id.loc.gov/vocabulary/iso639-2/eng,f5707f70,3cd5626b,StillImage,,,2020-08-02T05:00:31Z,Reconyx-HF2X,activity detection,https://multimedia.agouti.eu/assets/3cd5626b-3b13-4fa1-a1f9-762d6a838b16/file,online,image/jpeg
http://id.loc.gov/vocabulary/iso639-2/eng,f5707f70,b3c59481,StillImage,,,2020-08-02T05:00:31Z,Reconyx-HF2X,activity detection,https://multimedia.agouti.eu/assets/b3c59481-3869-4e91-a593-b2bbe8b8770c/file,online,image/jpeg
http://id.loc.gov/vocabulary/iso639-2/eng,f5707f70,f47cdfd8,StillImage,,,2020-08-02T05:00:32Z,Reconyx-HF2X,activity detection,https://multimedia.agouti.eu/assets/f47cdfd8-3bae-4c17-8b1e-9b56a7e55e00/file,online,image/jpeg
http://id.loc.gov/vocabulary/iso639-2/eng,f5707f70,559ec9a8,StillImage,,,2020-08-02T05:00:33Z,Reconyx-HF2X,activity detection,https://multimedia.agouti.eu/assets/559ec9a8-b481-481e-98bc-2f97f6e5a1b5/file,online,image/jpeg
http://id.loc.gov/vocabulary/iso639-2/eng,f5707f70,48a94186,StillImage,,,2020-08-02T05:00:33Z,Reconyx-HF2X,activity detection,https://multimedia.agouti.eu/assets/48a94186-d7db-427b-b6af-6b18eba825e9/file,online,image/jpeg
http://id.loc.gov/vocabulary/iso639-2/eng,f5707f70,47e7bc9f,StillImage,,,2020-08-02T05:00:34Z,Reconyx-HF2X,activity detection,https://multimedia.agouti.eu/assets/47e7bc9f-2d50-4b7c-b586-d6e314956a58/file,online,image/jpeg
http://id.loc.gov/vocabulary/iso639-2/eng,f5707f70,2adb0dde,StillImage,,,2020-08-02T05:00:34Z,Reconyx-HF2X,activity detection,https://multimedia.agouti.eu/assets/2adb0dde-61ed-4994-b7ad-1f29dbf8ed4b/file,online,image/jpeg
http://id.loc.gov/vocabulary/iso639-2/eng,f5707f70,80ba0e0b,StillImage,,,2020-08-02T05:00:35Z,Reconyx-HF2X,activity detection,https://multimedia.agouti.eu/assets/80ba0e0b-bbf5-46e4-bdf6-78b90fa876ad/file,online,image/jpeg
http://id.loc.gov/vocabulary/iso639-2/eng,f5707f70,27c6cb3d,StillImage,,,2020-08-02T05:01:00Z,Reconyx-HF2X,activity detection,https://multimedia.agouti.eu/assets/27c6cb3d-2c61-469d-8940-16d50ab272c2/file,online,image/jpeg
http://id.loc.gov/vocabulary/iso639-2/eng,f5707f70,d32c67ed,StillImage,,,2020-08-02T05:01:01Z,Reconyx-HF2X,activity detection,https://multimedia.agouti.eu/assets/d32c67ed-09df-46c0-83e0-9aaa75303b6d/file,online,image/jpeg
http://id.loc.gov/vocabulary/iso639-2/eng,f5707f70,be5d44fd,StillImage,,,2020-08-02T05:01:01Z,Reconyx-HF2X,activity detection,https://multimedia.agouti.eu/assets/be5d44fd-6d1b-454d-a0e9-7d07262f8372/file,online,image/jpeg
http://id.loc.gov/vocabulary/iso639-2/eng,f5707f70,08b56231,StillImage,,,2020-08-02T05:01:02Z,Reconyx-HF2X,activity detection,https://multimedia.agouti.eu/assets/08b56231-4131-4dab-9894-55ae4ea46fc7/file,online,image/jpeg
http://id.loc.gov/vocabulary/iso639-2/eng,f5707f70,ccb03b7e,StillImage,,,2020-08-02T05:01:02Z,Reconyx-HF2X,activity detection,https://multimedia.agouti.eu/assets/ccb03b7e-d741-4d69-b5a4-36a1998c4372/file,online,image/jpeg
http://id.loc.gov/vocabulary/iso639-2/eng,f5707f70,fbf8292b,StillImage,,,2020-08-02T05:01:03Z,Reconyx-HF2X,activity detection,https://multimedia.agouti.eu/assets/fbf8292b-3e46-4d09-a70f-65499ca75496/file,online,image/jpeg
http://id.loc.gov/vocabulary/iso639-2/eng,f5707f70,5b71377d,StillImage,,,2020-08-02T05:01:04Z,Reconyx-HF2X,activity detection,https://multimedia.agouti.eu/assets/5b71377d-abed-4d1e-ac25-9870a23b3e3d/file,online,image/jpeg
http://id.loc.gov/vocabulary/iso639-2/eng,f5707f70,6c4db631,StillImage,,,2020-08-02T05:01:04Z,Reconyx-HF2X,activity detection,https://multimedia.agouti.eu/assets/6c4db631-63db-4eca-8ca1-152a7f2bcc16/file,online,image/jpeg
http://id.loc.gov/vocabulary/iso639-2/eng,f5707f70,a6a07d02,StillImage,,,2020-08-02T05:01:05Z,Reconyx-HF2X,activity detection,https://multimedia.agouti.eu/assets/a6a07d02-7817-4e7a-af80-4a1b9832a291/file,online,image/jpeg
http://id.loc.gov/vocabulary/iso639-2/eng,f5707f70,73efdfb6,StillImage,,,2020-08-02T05:01:05Z,Reconyx-HF2X,activity detection,https://multimedia.agouti.eu/assets/73efdfb6-0d6c-49e8-8c17-8672b0b6700f/file,online,image/jpeg
http://id.loc.gov/vocabulary/iso639-2/eng,ccfa9680,dbe27f82,StillImage,,,2020-08-03T05:09:12Z,Reconyx-HF2X,activity detection,https://multimedia.agouti.eu/assets/dbe27f82-d136-4d4b-8d89-27145c0eef77/file,online,image/jpeg
http://id.loc.gov/vocabulary/iso639-2/eng,ccfa9680,9a14a118,StillImage,,,2020-08-03T05:09:13Z,Reconyx-HF2X,activity detection,https://multimedia.agouti.eu/assets/9a14a118-92ad-4030-bc4b-cb78a16c2bdb/file,online,image/jpeg
http://id.loc.gov/vocabulary/iso639-2/eng,ccfa9680,4b414100,StillImage,,,2020-08-03T05:09:14Z,Reconyx-HF2X,activity detection,https://multimedia.agouti.eu/assets/4b414100-5b0f-46d8-b9be-823efff0c210/file,online,image/jpeg
http://id.loc.gov/vocabulary/iso639-2/eng,ccfa9680,fa90a9a6,StillImage,,,2020-08-03T05:09:14Z,Reconyx-HF2X,activity detection,https://multimedia.agouti.eu/assets/fa90a9a6-cba5-4b1b-b467-9cc5a763548e/file,online,image/jpeg
http://id.loc.gov/vocabulary/iso639-2/eng,ccfa9680,1564e7e4,StillImage,,,2020-08-03T05:09:15Z,Reconyx-HF2X,activity detection,https://multimedia.agouti.eu/assets/1564e7e4-f828-4e2d-9b82-959378c6f2c9/file,online,image/jpeg
http://id.loc.gov/vocabulary/iso639-2/eng,ccfa9680,6578077a,StillImage,,,2020-08-03T05:09:16Z,Reconyx-HF2X,activity detection,https://multimedia.agouti.eu/assets/6578077a-1be5-4725-8c42-f84abe27b4cc/file,online,image/jpeg
http://id.loc.gov/vocabulary/iso639-2/eng,ccfa9680,eb0801ce,StillImage,,,2020-08-03T05:09:16Z,Reconyx-HF2X,activity detection,https://multimedia.agouti.eu/assets/eb0801ce-b313-43d5-811c-c094d661479f/file,online,image/jpeg
http://id.loc.gov/vocabulary/iso639-2/eng,ccfa9680,ef8b850b,StillImage,,,2020-08-03T05:09:17Z,Reconyx-HF2X,activity detection,https://multimedia.agouti.eu/assets/ef8b850b-32ca-47a6-a513-3b41909eae43/file,online,image/jpeg
http://id.loc.gov/vocabulary/iso639-2/eng,ccfa9680,da457b46,StillImage,,,2020-08-03T05:09:18Z,Reconyx-HF2X,activity detection,https://multimedia.agouti.eu/assets/da457b46-0d02-4713-afe8-657c1e9dbcbd/file,online,image/jpeg
http://id.loc.gov/vocabulary/iso639-2/eng,ccfa9680,5eaf82c8,StillImage,,,2020-08-03T05:09:18Z,Reconyx-HF2X,activity detection,https://multimedia.agouti.eu/assets/5eaf82c8-f417-4f39-b862-0a785f69485a/file,online,image/jpeg
http://id.loc.gov/vocabulary/iso639-2/eng,1a32d481,a961b9e3,StillImage,,,2020-08-04T05:04:09Z,Reconyx-HF2X,activity detection,https://multimedia.agouti.eu/assets/a961b9e3-b4b0-4775-8de7-f43f36a2e792/file,online,image/jpeg
http://id.loc.gov/vocabulary/iso639-2/eng,1a32d481,1175ff4d,StillImage,,,2020-08-04T05:04:10Z,Reconyx-HF2X,activity detection,https://multimedia.agouti.eu/assets/1175ff4d-d6f6-4e16-bfc6-6793339d0635/file,online,image/jpeg
http://id.loc.gov/vocabulary/iso639-2/eng,1a32d481,87867967,StillImage,,,2020-08-04T05:04:10Z,Reconyx-HF2X,activity detection,https://multimedia.agouti.eu/assets/87867967-9555-4d50-8aa8-5d70b40c1494/file,online,image/jpeg
http://id.loc.gov/vocabulary/iso639-2/eng,1a32d481,a413d1d3,StillImage,,,2020-08-04T05:04:11Z,Reconyx-HF2X,activity detection,https://multimedia.agouti.eu/assets/a413d1d3-3a27-494a-b19c-661be314c60a/file,online,image/jpeg
http://id.loc.gov/vocabulary/iso639-2/eng,1a32d481,ed688d21,StillImage,,,2020-08-04T05:04:11Z,Reconyx-HF2X,activity detection,https://multimedia.agouti.eu/assets/ed688d21-8d1c-47fa-9caf-862506d4e8d9/file,online,image/jpeg
http://id.loc.gov/vocabulary/iso639-2/eng,1a32d481,cc337594,StillImage,,,2020-08-04T05:04:12Z,Reconyx-HF2X,activity detection,https://multimedia.agouti.eu/assets/cc337594-31b5-4c06-a28f-399d46df0740/file,online,image/jpeg
http://id.loc.gov/vocabulary/iso639-2/eng,1a32d481,3bf07ad2,StillImage,,,2020-08-04T05:04:13Z,Reconyx-HF2X,activity detection,https://multimedia.agouti.eu/assets/3bf07ad2-8f06-4d6b-b610-a7569024426e/file,online,image/jpeg
http://id.loc.gov/vocabulary/iso639-2/eng,1a32d481,bdf0a9e8,StillImage,,,2020-08-04T05:04:13Z,Reconyx-HF2X,activity detection,https://multimedia.agouti.eu/assets/bdf0a9e8-e5e6-4487-b4bb-64c8de88070f/file,online,image/jpeg
http://id.loc.gov/vocabulary/iso639-2/eng,1a32d481,7c5e4e07,StillImage,,,2020-08-04T05:04:14Z,Reconyx-HF2X,activity detection,https://multimedia.agouti.eu/assets/7c5e4e07-bd98-4426-985e-e30d03e40acf/file,online,image/jpeg
http://id.loc.gov/vocabulary/iso639-2/eng,1a32d481,745a7960,StillImage,,,2020-08-04T05:04:14Z,Reconyx-HF2X,activity detection,https://multimedia.agouti.eu/assets/745a7960-d94f-488e-a48b-a4d1dc4557fb/file,online,image/jpeg
http://id.loc.gov/vocabulary/iso639-2/eng,c60eb90d,d6c62df3,StillImage,,,2020-08-05T05:02:01Z,Reconyx-HF2X,activity detection,https://multimedia.agouti.eu/assets/d6c62df3-5c9f-4dc8-b6ac-db3d7a4eba9c/file,online,image/jpeg
http://id.loc.gov/vocabulary/iso639-2/eng,c60eb90d,64e03524,StillImage,,,2020-08-05T05:02:02Z,Reconyx-HF2X,activity detection,https://multimedia.agouti.eu/assets/64e03524-684b-460f-8e73-04ba098b26e4/file,online,image/jpeg
http://id.loc.gov/vocabulary/iso639-2/eng,c60eb90d,b6de2aaf,StillImage,,,2020-08-05T05:02:03Z,Reconyx-HF2X,activity detection,https://multimedia.agouti.eu/assets/b6de2aaf-b091-4710-9035-b87ee29aa9ac/file,online,image/jpeg
http://id.loc.gov/vocabulary/iso639-2/eng,c60eb90d,6180f232,StillImage,,,2020-08-05T05:02:03Z,Reconyx-HF2X,activity detection,https://multimedia.agouti.eu/assets/6180f232-d684-4570-8661-9490a5f0e35b/file,online,image/jpeg
http://id.loc.gov/vocabulary/iso639-2/eng,c60eb90d,6dc44acb,StillImage,,,2020-08-05T05:02:04Z,Reconyx-HF2X,activity detection,https://multimedia.agouti.eu/assets/6dc44acb-9909-4603-9021-1d79a7d9e0d5/file,online,image/jpeg
http://id.loc.gov/vocabulary/iso639-2/eng,c60eb90d,e87af601,StillImage,,,2020-08-05T05:02:05Z,Reconyx-HF2X,activity detection,https://multimedia.agouti.eu/assets/e87af601-3d5f-45a4-aa86-c2183c08978c/file,online,image/jpeg
http://id.loc.gov/vocabulary/iso639-2/eng,c60eb90d,4776e031,StillImage,,,2020-08-05T05:02:05Z,Reconyx-HF2X,activity detection,https://multimedia.agouti.eu/assets/4776e031-412a-4099-a5e1-163dec5f4fe7/file,online,image/jpeg
http://id.loc.gov/vocabulary/iso639-2/eng,c60eb90d,b140bd0c,StillImage,,,2020-08-05T05:02:06Z,Reconyx-HF2X,activity detection,https://multimedia.agouti.eu/assets/b140bd0c-3689-417b-bd82-6ee791acc13b/file,online,image/jpeg
http://id.loc.gov/vocabulary/iso639-2/eng,c60eb90d,9d0e655e,StillImage,,,2020-08-05T05:02:06Z,Reconyx-HF2X,activity detection,https://multimedia.agouti.eu/assets/9d0e655e-0b3a-4884-8078-79c997ca0cd2/file,online,image/jpeg
http://id.loc.gov/vocabulary/iso639-2/eng,c60eb90d,7c304fdb,StillImage,,,2020-08-05T05:02:07Z,Reconyx-HF2X,activity detection,https://multimedia.agouti.eu/assets/7c304fdb-3b40-41d5-9bc1-a9fafb24071f/file,online,image/jpeg
http://id.loc.gov/vocabulary/iso639-2/eng,c883a5c6,e9ccfa09,StillImage,,,2020-08-08T04:20:35Z,Reconyx-HF2X,activity detection,https://multimedia.agouti.eu/assets/e9ccfa09-2419-408f-bdbb-def4f90c4c21/file,online,image/jpeg
http://id.loc.gov/vocabulary/iso639-2/eng,c883a5c6,b5781dba,StillImage,,,2020-08-08T04:20:35Z,Reconyx-HF2X,activity detection,https://multimedia.agouti.eu/assets/b5781dba-e9ba-42b5-805e-625faefda565/file,online,image/jpeg
http://id.loc.gov/vocabulary/iso639-2/eng,c883a5c6,459dddf7,StillImage,,,2020-08-08T04:20:36Z,Reconyx-HF2X,activity detection,https://multimedia.agouti.eu/assets/459dddf7-0b00-45d7-8020-15d7bbc7f667/file,online,image/jpeg
http://id.loc.gov/vocabulary/iso639-2/eng,c883a5c6,ecf09d2b,StillImage,,,2020-08-08T04:20:37Z,Reconyx-HF2X,activity detection,https://multimedia.agouti.eu/assets/ecf09d2b-0e41-47db-983d-f8eb8be55a34/file,online,image/jpeg
http://id.loc.gov/vocabulary/iso639-2/eng,c883a5c6,36c14ad3,StillImage,,,2020-08-08T04:20:37Z,Reconyx-HF2X,activity detection,https://multimedia.agouti.eu/assets/36c14ad3-6db5-41e2-921b-adbfdf0e784b/file,online,image/jpeg
http://id.loc.gov/vocabulary/iso639-2/eng,c883a5c6,e61ffa75,StillImage,,,2020-08-08T04:20:38Z,Reconyx-HF2X,activity detection,https://multimedia.agouti.eu/assets/e61ffa75-87bc-4fe1-b74a-2505e86bbe8f/file,online,image/jpeg
http://id.loc.gov/vocabulary/iso639-2/eng,c883a5c6,76490dff,StillImage,,,2020-08-08T04:20:38Z,Reconyx-HF2X,activity detection,https://multimedia.agouti.eu/assets/76490dff-ea98-4a31-9512-67c2700a1af4/file,online,image/jpeg
http://id.loc.gov/vocabulary/iso639-2/eng,c883a5c6,f28ece39,StillImage,,,2020-08-08T04:20:39Z,Reconyx-HF2X,activity detection,https://multimedia.agouti.eu/assets/f28ece39-6196-4854-8720-77961f009cb1/file,online,image/jpeg
http://id.loc.gov/vocabulary/iso639-2/eng,c883a5c6,832a486a,StillImage,,,2020-08-08T04:20:40Z,Reconyx-HF2X,activity detection,https://multimedia.agouti.eu/assets/832a486a-2ef3-4ed1-9e53-d95aba3a2a6b/file,online,image/jpeg
http://id.loc.gov/vocabulary/iso639-2/eng,c883a5c6,aaf4fd97,StillImage,,,2020-08-08T04:20:40Z,Reconyx-HF2X,activity detection,https://multimedia.agouti.eu/assets/aaf4fd97-a6c6-465c-80cd-f3b2e99840ea/file,online,image/jpeg
http://id.loc.gov/vocabulary/iso639-2/eng,e622b65c,a8848796,StillImage,,,2020-06-19T22:31:51Z,Reconyx-HF2X,activity detection,https://multimedia.agouti.eu/assets/a8848796-07ce-40e5-95ec-c9436f7ed919/file,online,image/jpeg
http://id.loc.gov/vocabulary/iso639-2/eng,e622b65c,e470918a,StillImage,,,2020-06-19T22:31:51Z,Reconyx-HF2X,activity detection,https://multimedia.agouti.eu/assets/e470918a-4d8e-4601-8e46-dbb90da0ce66/file,online,image/jpeg
http://id.loc.gov/vocabulary/iso639-2/eng,e622b65c,5ff74dc7,StillImage,,,2020-06-19T22:31:52Z,Reconyx-HF2X,activity detection,https://multimedia.agouti.eu/assets/5ff74dc7-ad0f-465f-8a24-7ab2e32e617d/file,online,image/jpeg
http://id.loc.gov/vocabulary/iso639-2/eng,e622b65c,27e8fb0c,StillImage,,,2020-06-19T22:31:53Z,Reconyx-HF2X,activity detection,https://multimedia.agouti.eu/assets/27e8fb0c-f3ce-4453-92b5-6f4a3b1bca4d/file,online,image/jpeg
http://id.loc.gov/vocabulary/iso639-2/eng,e622b65c,9721100f,StillImage,,,2020-06-19T22:31:53Z,Reconyx-HF2X,activity detection,https://multimedia.agouti.eu/assets/9721100f-a512-4348-b050-5b4e8f568208/file,online,image/jpeg
http://id.loc.gov/vocabulary/iso639-2/eng,e622b65c,356cae2f,StillImage,,,2020-06-19T22:31:54Z,Reconyx-HF2X,activity detection,https://multimedia.agouti.eu/assets/356cae2f-2c95-416e-85ca-1d32e4670f6a/file,online,image/jpeg
http://id.loc.gov/vocabulary/iso639-2/eng,e622b65c,0ec13e8a,StillImage,,,2020-06-19T22:31:54Z,Reconyx-HF2X,activity detection,https://multimedia.agouti.eu/assets/0ec13e8a-1768-4d51-9be9-be810b0d9f82/file,online,image/jpeg
http://id.loc.gov/vocabulary/iso639-2/eng,e622b65c,fde2387d,StillImage,,,2020-06-19T22:31:55Z,Reconyx-HF2X,activity detection,https://multimedia.agouti.eu/assets/fde2387d-6ca9-475f-bdf9-f37b1599ef40/file,online,image/jpeg
http://id.loc.gov/vocabulary/iso639-2/eng,e622b65c,e41c5c84,StillImage,,,2020-06-19T22:31:56Z,Reconyx-HF2X,activity detection,https://multimedia.agouti.eu/assets/e41c5c84-e8b3-4a7a-97ec-6bb9903e9286/file,online,image/jpeg
http://id.loc.gov/vocabulary/iso639-2/eng,e622b65c,1d268bc4,StillImage,,,2020-06-19T22:31:56Z,Reconyx-HF2X,activity detection,https://multimedia.agouti.eu/assets/1d268bc4-c1e5-4593-8844-6270ee93d1c5/file,online,image/jpeg
http://id.loc.gov/vocabulary/iso639-2/eng,fb662fab,91de8c9e,StillImage,,,2020-06-23T23:33:53Z,Reconyx-HF2X,activity detection,https://multimedia.agouti.eu/assets/91de8c9e-93a2-4828-afaf-e21370118402/file,online,image/jpeg
http://id.loc.gov/vocabulary/iso639-2/eng,fb662fab,7f0758ac,StillImage,,,2020-06-23T23:33:54Z,Reconyx-HF2X,activity detection,https://multimedia.agouti.eu/assets/7f0758ac-5f3c-4857-bfb7-9222c2414b34/file,online,image/jpeg
http://id.loc.gov/vocabulary/iso639-2/eng,fb662fab,7fc6cb24,StillImage,,,2020-06-23T23:33:54Z,Reconyx-HF2X,activity detection,https://multimedia.agouti.eu/assets/7fc6cb24-9a1b-4cd2-a5a0-c89e6d67107f/file,online,image/jpeg
http://id.loc.gov/vocabulary/iso639-2/eng,fb662fab,a7471c68,StillImage,,,2020-06-23T23:33:55Z,Reconyx-HF2X,activity detection,https://multimedia.agouti.eu/assets/a7471c68-30fb-4ca0-b21e-e83b54598298/file,online,image/jpeg
http://id.loc.gov/vocabulary/iso639-2/eng,fb662fab,bb7db1c9,StillImage,,,2020-06-23T23:33:55Z,Reconyx-HF2X,activity detection,https://multimedia.agouti.eu/assets/bb7db1c9-b135-4e69-a4e0-e392f2d107eb/file,online,image/jpeg
http://id.loc.gov/vocabulary/iso639-2/eng,fb662fab,5b0ccf8a,StillImage,,,2020-06-23T23:33:56Z,Reconyx-HF2X,activity detection,https://multimedia.agouti.eu/assets/5b0ccf8a-4696-4814-8bb6-c96bb248bc3f/file,online,image/jpeg
http://id.loc.gov/vocabulary/iso639-2/eng,fb662fab,b2d9a8fd,StillImage,,,2020-06-23T23:33:57Z,Reconyx-HF2X,activity detection,https://multimedia.agouti.eu/assets/b2d9a8fd-26dd-4b8a-b1c2-72af24345678/file,online,image/jpeg
http://id.loc.gov/vocabulary/iso639-2/eng,fb662fab,85d6e8af,StillImage,,,2020-06-23T23:33:57Z,Reconyx-HF2X,activity detection,https://multimedia.agouti.eu/assets/85d6e8af-2a0f-4fdb-b97b-9748f4306bd2/file,online,image/jpeg
http://id.loc.gov/vocabulary/iso639-2/eng,fb662fab,44ea67af,StillImage,,,2020-06-23T23:33:58Z,Reconyx-HF2X,activity detection,https://multimedia.agouti.eu/assets/44ea67af-a429-4b42-954e-8e4da73105ce/file,online,image/jpeg
http://id.loc.gov/vocabulary/iso639-2/eng,fb662fab,8e22f5a4,StillImage,,,2020-06-23T23:33:58Z,Reconyx-HF2X,activity detection,https://multimedia.agouti.eu/assets/8e22f5a4-7655-45e4-ae15-a0ff93772ef5/file,online,image/jpeg
http://id.loc.gov/vocabulary/iso639-2/eng,477b2f9d,f011d0e6,StillImage,,,2020-06-26T02:09:25Z,Reconyx-HF2X,activity detection,https://multimedia.agouti.eu/assets/f011d0e6-bb8b-4d90-a8de-ac5f4aa0646d/file,online,image/jpeg
http://id.loc.gov/vocabulary/iso639-2/eng,477b2f9d,b3374ef1,StillImage,,,2020-06-26T02:09:25Z,Reconyx-HF2X,activity detection,https://multimedia.agouti.eu/assets/b3374ef1-9b71-47a4-9c86-e56491b9d51e/file,online,image/jpeg
http://id.loc.gov/vocabulary/iso639-2/eng,477b2f9d,1c601054,StillImage,,,2020-06-26T02:09:26Z,Reconyx-HF2X,activity detection,https://multimedia.agouti.eu/assets/1c601054-f435-4f12-bc32-a0d120b33f63/file,online,image/jpeg
http://id.loc.gov/vocabulary/iso639-2/eng,477b2f9d,b43f1608,StillImage,,,2020-06-26T02:09:27Z,Reconyx-HF2X,activity detection,https://multimedia.agouti.eu/assets/b43f1608-acb7-46f4-a601-706942323b13/file,online,image/jpeg
http://id.loc.gov/vocabulary/iso639-2/eng,477b2f9d,81523d1f,StillImage,,,2020-06-26T02:09:27Z,Reconyx-HF2X,activity detection,https://multimedia.agouti.eu/assets/81523d1f-f89f-4383-a805-ac5e1fdcefc7/file,online,image/jpeg
http://id.loc.gov/vocabulary/iso639-2/eng,477b2f9d,f4a5ec0f,StillImage,,,2020-06-26T02:09:28Z,Reconyx-HF2X,activity detection,https://multimedia.agouti.eu/assets/f4a5ec0f-9376-49a3-b001-be4f4348b86d/file,online,image/jpeg
http://id.loc.gov/vocabulary/iso639-2/eng,477b2f9d,5e8f4538,StillImage,,,2020-06-26T02:09:28Z,Reconyx-HF2X,activity detection,https://multimedia.agouti.eu/assets/5e8f4538-8f52-4cd5-84d0-db7e5b5ea192/file,online,image/jpeg
http://id.loc.gov/vocabulary/iso639-2/eng,477b2f9d,ee7f52c4,StillImage,,,2020-06-26T02:09:29Z,Reconyx-HF2X,activity detection,https://multimedia.agouti.eu/assets/ee7f52c4-d248-47bd-a2b0-2648f34c9b64/file,online,image/jpeg
http://id.loc.gov/vocabulary/iso639-2/eng,477b2f9d,825e9af1,StillImage,,,2020-06-26T02:09:30Z,Reconyx-HF2X,activity detection,https://multimedia.agouti.eu/assets/825e9af1-c160-4a75-864a-6ff014e05c6b/file,online,image/jpeg
http://id.loc.gov/vocabulary/iso639-2/eng,477b2f9d,2e611f13,StillImage,,,2020-06-26T02:09:30Z,Reconyx-HF2X,activity detection,https://multimedia.agouti.eu/assets/2e611f13-9519-4706-9843-49bbfec48c00/file,online,image/jpeg
http://id.loc.gov/vocabulary/iso639-2/eng,dfdc4c48,e9c1a382,StillImage,,,2020-06-28T22:01:12Z,Reconyx-HF2X,activity detection,https://multimedia.agouti.eu/assets/e9c1a382-40f4-4f28-9bc0-ad5b48ca8ed3/file,online,image/jpeg
http://id.loc.gov/vocabulary/iso639-2/eng,dfdc4c48,3e0b2565,StillImage,,,2020-06-28T22:01:13Z,Reconyx-HF2X,activity detection,https://multimedia.agouti.eu/assets/3e0b2565-5aea-4128-b990-a1c42249a45b/file,online,image/jpeg
http://id.loc.gov/vocabulary/iso639-2/eng,dfdc4c48,58501b0d,StillImage,,,2020-06-28T22:01:13Z,Reconyx-HF2X,activity detection,https://multimedia.agouti.eu/assets/58501b0d-0c6f-47e3-9e4a-ed39f41cc213/file,online,image/jpeg
http://id.loc.gov/vocabulary/iso639-2/eng,dfdc4c48,9bbdcb82,StillImage,,,2020-06-28T22:01:14Z,Reconyx-HF2X,activity detection,https://multimedia.agouti.eu/assets/9bbdcb82-0c79-4fb3-8132-c7b9f6120bd0/file,online,image/jpeg
http://id.loc.gov/vocabulary/iso639-2/eng,dfdc4c48,9a4c6e25,StillImage,,,2020-06-28T22:01:15Z,Reconyx-HF2X,activity detection,https://multimedia.agouti.eu/assets/9a4c6e25-327d-481e-9060-c08b3848ed72/file,online,image/jpeg
http://id.loc.gov/vocabulary/iso639-2/eng,dfdc4c48,eb72150b,StillImage,,,2020-06-28T22:01:15Z,Reconyx-HF2X,activity detection,https://multimedia.agouti.eu/assets/eb72150b-fa00-4987-b1d2-557f8d66e6fc/file,online,image/jpeg
http://id.loc.gov/vocabulary/iso639-2/eng,dfdc4c48,9d18218f,StillImage,,,2020-06-28T22:01:16Z,Reconyx-HF2X,activity detection,https://multimedia.agouti.eu/assets/9d18218f-b4d1-4eb8-b9d2-b4b5adc265bd/file,online,image/jpeg
http://id.loc.gov/vocabulary/iso639-2/eng,dfdc4c48,22d2744a,StillImage,,,2020-06-28T22:01:16Z,Reconyx-HF2X,activity detection,https://multimedia.agouti.eu/assets/22d2744a-f87b-4ee7-8037-9815f6a96c5e/file,online,image/jpeg
http://id.loc.gov/vocabulary/iso639-2/eng,dfdc4c48,b1035c2c,StillImage,,,2020-06-28T22:01:17Z,Reconyx-HF2X,activity detection,https://multimedia.agouti.eu/assets/b1035c2c-7e19-4369-b4f1-11b5dc281269/file,online,image/jpeg
http://id.loc.gov/vocabulary/iso639-2/eng,dfdc4c48,5549cb29,StillImage,,,2020-06-28T22:01:18Z,Reconyx-HF2X,activity detection,https://multimedia.agouti.eu/assets/5549cb29-d0a8-43c8-9e8f-34041658c907/file,online,image/jpeg
http://id.loc.gov/vocabulary/iso639-2/eng,9e191d10,66b353fe,StillImage,,,2020-06-28T23:33:16Z,Reconyx-HF2X,activity detection,https://multimedia.agouti.eu/assets/66b353fe-41a1-45ed-9854-fb842a610a13/file,online,image/jpeg
http://id.loc.gov/vocabulary/iso639-2/eng,9e191d10,70e796b3,StillImage,,,2020-06-28T23:33:17Z,Reconyx-HF2X,activity detection,https://multimedia.agouti.eu/assets/70e796b3-2ab2-4e9d-8e52-65f1031deb0e/file,online,image/jpeg
http://id.loc.gov/vocabulary/iso639-2/eng,9e191d10,920395a6,StillImage,,,2020-06-28T23:33:17Z,Reconyx-HF2X,activity detection,https://multimedia.agouti.eu/assets/920395a6-cfa6-4ec6-9eba-d0c3a0301b50/file,online,image/jpeg
http://id.loc.gov/vocabulary/iso639-2/eng,9e191d10,00459931,StillImage,,,2020-06-28T23:33:18Z,Reconyx-HF2X,activity detection,https://multimedia.agouti.eu/assets/00459931-4c83-42fb-b73c-ef37fc95835b/file,online,image/jpeg
http://id.loc.gov/vocabulary/iso639-2/eng,9e191d10,19e4aad1,StillImage,,,2020-06-28T23:33:19Z,Reconyx-HF2X,activity detection,https://multimedia.agouti.eu/assets/19e4aad1-dc43-4c15-b708-8b64ea6c1ca3/file,online,image/jpeg
http://id.loc.gov/vocabulary/iso639-2/eng,9e191d10,98e3c269,StillImage,,,2020-06-28T23:33:19Z,Reconyx-HF2X,activity detection,https://multimedia.agouti.eu/assets/98e3c269-18b7-4cbe-98e5-aade1934fed9/file,online,image/jpeg
http://id.loc.gov/vocabulary/iso639-2/eng,9e191d10,0369fc25,StillImage,,,2020-06-28T23:33:20Z,Reconyx-HF2X,activity detection,https://multimedia.agouti.eu/assets/0369fc25-6f1a-4137-9ee2-d33abde96275/file,online,image/jpeg
http://id.loc.gov/vocabulary/iso639-2/eng,9e191d10,887f68b4,StillImage,,,2020-06-28T23:33:20Z,Reconyx-HF2X,activity detection,https://multimedia.agouti.eu/assets/887f68b4-4c47-4847-9547-a767e534c45e/file,online,image/jpeg
http://id.loc.gov/vocabulary/iso639-2/eng,9e191d10,fd0b77ba,StillImage,,,2020-06-28T23:33:21Z,Reconyx-HF2X,activity detection,https://multimedia.agouti.eu/assets/fd0b77ba-7695-4174-915d-0a7b7c217fe7/file,online,image/jpeg
http://id.loc.gov/vocabulary/iso639-2/eng,9e191d10,5ca80c6b,StillImage,,,2020-06-28T23:33:22Z,Reconyx-HF2X,activity detection,https://multimedia.agouti.eu/assets/5ca80c6b-6993-4974-8374-fd688d915e28/file,online,image/jpeg
http://id.loc.gov/vocabulary/iso639-2/eng,a0431321,fb58a2b9,StillImage,,,2021-03-27T20:38:18Z,Reconyx-HF2X,activity detection,https://multimedia.agouti.eu/assets/fb58a2b9-dc35-4297-a194-a340b082c8e8/file,online,image/jpeg
http://id.loc.gov/vocabulary/iso639-2/eng,a0431321,0bb2566e,StillImage,,,2021-03-27T20:38:18Z,Reconyx-HF2X,activity detection,https://multimedia.agouti.eu/assets/0bb2566e-a1b8-48d8-9c5b-3dbec3a7f832/file,online,image/jpeg
http://id.loc.gov/vocabulary/iso639-2/eng,a0431321,a6a7a04c,StillImage,,,2021-03-27T20:38:19Z,Reconyx-HF2X,activity detection,https://multimedia.agouti.eu/assets/a6a7a04c-9eb8-46dd-b1a2-fa3f1eb9def5/file,online,image/jpeg
http://id.loc.gov/vocabulary/iso639-2/eng,a0431321,f47b05e6,StillImage,,,2021-03-27T20:38:20Z,Reconyx-HF2X,activity detection,https://multimedia.agouti.eu/assets/f47b05e6-bbfb-4844-bd2d-004104cb7c08/file,online,image/jpeg
http://id.loc.gov/vocabulary/iso639-2/eng,a0431321,8c541e7b,StillImage,,,2021-03-27T20:38:20Z,Reconyx-HF2X,activity detection,https://multimedia.agouti.eu/assets/8c541e7b-c1ce-4fa7-b6e2-6167ee336471/file,online,image/jpeg
http://id.loc.gov/vocabulary/iso639-2/eng,a0431321,e6c2cb72,StillImage,,,2021-03-27T20:38:21Z,Reconyx-HF2X,activity detection,https://multimedia.agouti.eu/assets/e6c2cb72-2b65-4384-a428-e066ab5b0520/file,online,image/jpeg
http://id.loc.gov/vocabulary/iso639-2/eng,a0431321,3945bb1f,StillImage,,,2021-03-27T20:38:21Z,Reconyx-HF2X,activity detection,https://multimedia.agouti.eu/assets/3945bb1f-5dd1-4df0-97a0-e7e1823a1531/file,online,image/jpeg
http://id.loc.gov/vocabulary/iso639-2/eng,a0431321,ad62d7b9,StillImage,,,2021-03-27T20:38:22Z,Reconyx-HF2X,activity detection,https://multimedia.agouti.eu/assets/ad62d7b9-2c4e-4527-be9a-725ca5295bb2/file,online,image/jpeg
http://id.loc.gov/vocabulary/iso639-2/eng,a0431321,7b95c483,StillImage,,,2021-03-27T20:38:23Z,Reconyx-HF2X,activity detection,https://multimedia.agouti.eu/assets/7b95c483-b427-4b32-96ab-eb478730e9b0/file,online,image/jpeg
http://id.loc.gov/vocabulary/iso639-2/eng,a0431321,f24826a2,StillImage,,,2021-03-27T20:38:23Z,Reconyx-HF2X,activity detection,https://multimedia.agouti.eu/assets/f24826a2-dafa-408b-aa46-6629e847ff65/file,online,image/jpeg
http://id.loc.gov/vocabulary/iso639-2/eng,cb30a896,0e98b93e,StillImage,,,2021-04-05T19:08:33Z,Reconyx-HF2X,activity detection,https://multimedia.agouti.eu/assets/0e98b93e-6240-490e-b4db-31ea7b643953/file,online,image/jpeg
http://id.loc.gov/vocabulary/iso639-2/eng,cb30a896,be8fe0df,StillImage,,,2021-04-05T19:08:34Z,Reconyx-HF2X,activity detection,https://multimedia.agouti.eu/assets/be8fe0df-5551-44f3-b114-a8d8a5c3fc11/file,online,image/jpeg
http://id.loc.gov/vocabulary/iso639-2/eng,cb30a896,13b58ff5,StillImage,,,2021-04-05T19:08:34Z,Reconyx-HF2X,activity detection,https://multimedia.agouti.eu/assets/13b58ff5-7ed9-46d2-b3f8-e698600e931e/file,online,image/jpeg
http://id.loc.gov/vocabulary/iso639-2/eng,cb30a896,d8427514,StillImage,,,2021-04-05T19:08:35Z,Reconyx-HF2X,activity detection,https://multimedia.agouti.eu/assets/d8427514-a4cd-4787-8728-da4433ccc571/file,online,image/jpeg
http://id.loc.gov/vocabulary/iso639-2/eng,cb30a896,2e2ae3f0,StillImage,,,2021-04-05T19:08:35Z,Reconyx-HF2X,activity detection,https://multimedia.agouti.eu/assets/2e2ae3f0-9b98-4637-9e4d-bbdf8eee920c/file,online,image/jpeg
http://id.loc.gov/vocabulary/iso639-2/eng,cb30a896,a552145d,StillImage,,,2021-04-05T19:08:36Z,Reconyx-HF2X,activity detection,https://multimedia.agouti.eu/assets/a552145d-9949-4355-9523-02198a523437/file,online,image/jpeg
http://id.loc.gov/vocabulary/iso639-2/eng,cb30a896,1bd866b3,StillImage,,,2021-04-05T19:08:37Z,Reconyx-HF2X,activity detection,https://multimedia.agouti.eu/assets/1bd866b3-5c99-42c8-b4a0-75a547fd8760/file,online,image/jpeg
http://id.loc.gov/vocabulary/iso639-2/eng,cb30a896,bf610120,StillImage,,,2021-04-05T19:08:37Z,Reconyx-HF2X,activity detection,https://multimedia.agouti.eu/assets/bf610120-bc41-4c87-95ac-8c8849d203ce/file,online,image/jpeg
http://id.loc.gov/vocabulary/iso639-2/eng,cb30a896,abcc45d4,StillImage,,,2021-04-05T19:08:38Z,Reconyx-HF2X,activity detection,https://multimedia.agouti.eu/assets/abcc45d4-4314-449f-8dca-1732e134dfac/file,online,image/jpeg
http://id.loc.gov/vocabulary/iso639-2/eng,cb30a896,1065da4b,StillImage,,,2021-04-05T19:08:38Z,Reconyx-HF2X,activity detection,https://multimedia.agouti.eu/assets/1065da4b-2f09-48e8-9819-48fa045014a7/file,online,image/jpeg
http://id.loc.gov/vocabulary/iso639-2/eng,bb027d7e,7ab33b3a,StillImage,,,2021-04-11T19:43:09Z,Reconyx-HF2X,activity detection,media/20210531082538-RCNX0031.JPG,online,image/jpeg
http://id.loc.gov/vocabulary/iso639-2/eng,bb027d7e,d9ef08ec,StillImage,,,2021-04-11T19:43:10Z,Reconyx-HF2X,activity detection,media/20210531082538-RCNX0032.JPG,online,image/jpeg
http://id.loc.gov/vocabulary/iso639-2/eng,bb027d7e,aebe5b85,StillImage,,,2021-04-11T19:43:10Z,Reconyx-HF2X,activity detection,media/20210531082539-RCNX0033.JPG,online,image/jpeg
http://id.loc.gov/vocabulary/iso639-2/eng,bb027d7e,e638613e,StillImage,,,2021-04-11T19:43:11Z,Reconyx-HF2X,activity detection,media/20210531082539-RCNX0034.JPG,online,image/jpeg
http://id.loc.gov/vocabulary/iso639-2/eng,bb027d7e,c40a4854,StillImage,,,2021-04-11T19:43:12Z,Reconyx-HF2X,activity detection,media/20210531082539-RCNX0035.JPG,online,image/jpeg
http://id.loc.gov/vocabulary/iso639-2/eng,bb027d7e,fd2f32cc,StillImage,,,2021-04-11T19:43:12Z,Reconyx-HF2X,activity detection,media/20210531082540-RCNX0036.JPG,online,image/jpeg
http://id.loc.gov/vocabulary/iso639-2/eng,bb027d7e,b6a04f58,StillImage,,,2021-04-11T19:43:13Z,Reconyx-HF2X,activity detection,media/20210531082540-RCNX0037.JPG,online,image/jpeg
http://id.loc.gov/vocabulary/iso639-2/eng,bb027d7e,9c58aea8,StillImage,,,2021-04-11T19:43:13Z,Reconyx-HF2X,activity detection,media/20210531082540-RCNX0038.JPG,online,image/jpeg
http://id.loc.gov/vocabulary/iso639-2/eng,bb027d7e,ad03acb4,StillImage,,,2021-04-11T19:43:14Z,Reconyx-HF2X,activity detection,media/20210531082540-RCNX0039.JPG,online,image/jpeg
http://id.loc.gov/vocabulary/iso639-2/eng,bb027d7e,3b185b03,StillImage,,,2021-04-11T19:43:15Z,Reconyx-HF2X,activity detection,media/20210531082541-RCNX0040.JPG,online,image/jpeg
